Photon Energy [eV],[oe 4] Transmitivity
1.000000000000000000e+02,0.000000000000000000e+00
1.599599599599599742e+02,0.000000000000000000e+00
2.199199199199199199e+02,0.000000000000000000e+00
2.798798798798798657e+02,8.656577876341878797e-256
3.398398398398398399e+02,1.723022074071404878e-165
3.997997997997998141e+02,2.448816224281360869e-113
4.597597597597597314e+02,0.000000000000000000e+00
5.197197197197197056e+02,0.000000000000000000e+00
5.796796796796796798e+02,0.000000000000000000e+00
6.396396396396396540e+02,0.000000000000000000e+00
6.995995995995996282e+02,0.000000000000000000e+00
7.595595595595596023e+02,0.000000000000000000e+00
8.195195195195194628e+02,2.118247465262225537e-303
8.794794794794794370e+02,4.661889763871196646e-255
9.394394394394394112e+02,6.086098515546389714e-217
9.993993993993993854e+02,2.059565329409280481e-186
1.059359359359359360e+03,2.519852663143356990e-159
1.119319319319319220e+03,2.487030332389230844e-137
1.179279279279279308e+03,2.830169193293716262e-119
1.239239239239239168e+03,2.711464887679109423e-104
1.299199199199199256e+03,9.580791667986697743e-92
1.359159159159159117e+03,3.808505571805931781e-81
1.419119119119119205e+03,4.001412613333565036e-72
1.479079079079079065e+03,2.155632178094986218e-64
1.539039039039038926e+03,1.003802831394199185e-57
1.598998998998999014e+03,6.058009628784970128e-52
1.658958958958958874e+03,6.550018124887971490e-47
1.718918918918918962e+03,1.654922126655152810e-42
1.778878878878878822e+03,1.215558202710195225e-38
1.838838838838838910e+03,3.109145803849447223e-35
1.898798798798798771e+03,3.217702989637666681e-32
1.958758758758758859e+03,1.527375078149498154e-29
2.018718718718718719e+03,3.695851488873636682e-27
2.078678678678678807e+03,4.984902709433503001e-25
2.138638638638638440e+03,4.039492082844462084e-23
2.198598598598598528e+03,2.097339912970298682e-21
2.258558558558558616e+03,7.370507416023038950e-20
2.318518518518518704e+03,1.837353393975927145e-18
2.378478478478478337e+03,3.382713521355714317e-17
2.438438438438438425e+03,4.762297015227537898e-16
2.498398398398398513e+03,5.283444125474603735e-15
2.558358358358358146e+03,4.741531288189296287e-14
2.618318318318318234e+03,3.521368393491499849e-13
2.678278278278278322e+03,2.207699140247665673e-12
2.738238238238238409e+03,1.188998553739600360e-11
2.798198198198198043e+03,5.585947595087096734e-11
2.858158158158158130e+03,2.320373563822905218e-10
2.918118118118118218e+03,8.624884980063325178e-10
2.978078078078077851e+03,2.899212702054475924e-09
3.038038038038037939e+03,8.896504490195756823e-09
3.097997997997998027e+03,2.513045413770330743e-08
3.157957957957958115e+03,6.583522616359265405e-08
3.217917917917917748e+03,2.876421779635355489e-08
3.277877877877877836e+03,7.085001594311819820e-08
3.337837837837837924e+03,1.641451300858504819e-07
3.397797797797798012e+03,3.595558793614370632e-07
3.457757757757757645e+03,7.481326501589383680e-07
3.517717717717717733e+03,1.484868810099247597e-06
3.577677677677677821e+03,2.821895776163681031e-06
3.637637637637637454e+03,5.152594264007491967e-06
3.697597597597597542e+03,9.067583534912937191e-06
3.757557557557557629e+03,1.542273619890452782e-05
3.817517517517517717e+03,2.541835980717101936e-05
3.877477477477477350e+03,4.068758698061963305e-05
3.937437437437437438e+03,6.339094170009071036e-05
3.997397397397397526e+03,9.631312043132899650e-05
4.057357357357357159e+03,1.429563691271255584e-04
4.117317317317317247e+03,2.076193436207609741e-04
4.177277277277276880e+03,2.954653527519607976e-04
4.237237237237237423e+03,4.125714323557075282e-04
4.297197197197197056e+03,5.659532271682989361e-04
4.357157157157157599e+03,7.635634841080891000e-04
4.417117117117117232e+03,1.014262594542486573e-03
4.477077077077076865e+03,1.327761025413722778e-03
4.537037037037037408e+03,1.714534837140905838e-03
4.596996996996997041e+03,2.185716712080718483e-03
4.656956956956956674e+03,2.752965939386991818e-03
4.716916916916917216e+03,3.428321573625223075e-03
4.776876876876876850e+03,4.224043483704817761e-03
4.836836836836836483e+03,5.152446236374795367e-03
4.896796796796797025e+03,6.225730734037337490e-03
4.956756756756756658e+03,7.455818282997057553e-03
5.016716716716716292e+03,8.854187613586174399e-03
5.076676676676676834e+03,1.043176085605697703e-02
5.136636636636636467e+03,1.219884262607479758e-02
5.196596596596597010e+03,1.416494249945711610e-02
5.256556556556556643e+03,1.633868142858949102e-02
5.316516516516516276e+03,1.872771137508136285e-02
5.376476476476476819e+03,2.133865249695289165e-02
5.436436436436436452e+03,2.417704773895674661e-02
5.496396396396396085e+03,2.724733426300758599e-02
5.556356356356356628e+03,3.055283081905741868e-02
5.616316316316316261e+03,3.409573989443404757e-02
5.676276276276275894e+03,3.787716328800366100e-02
5.736236236236236437e+03,4.189712962873302915e-02
5.796196196196196070e+03,4.615463228916413807e-02
5.856156156156155703e+03,5.064767612503486005e-02
5.916116116116116245e+03,5.537333149467567328e-02
5.976076076076075879e+03,6.032779406781098308e-02
6.036036036036036421e+03,6.550635193168516390e-02
6.095995995995996054e+03,7.090362664201044218e-02
6.155955955955955687e+03,7.651356959017445447e-02
6.215915915915916230e+03,8.232945848854276993e-02
6.275875875875875863e+03,8.834402878794045400e-02
6.335835835835835496e+03,9.454954375689032797e-02
6.395795795795796039e+03,1.009378629653412407e-01
6.455755755755755672e+03,1.075005085613887912e-01
6.515715715715715305e+03,1.142287288410615831e-01
6.575675675675675848e+03,1.211135587148102627e-01
6.635635635635635481e+03,1.281458767688996303e-01
6.695595595595596023e+03,1.353164587052067269e-01
6.755555555555555657e+03,1.426160270186498935e-01
6.815515515515515290e+03,1.500352968380181673e-01
6.875475475475475832e+03,1.575650179134163997e-01
6.935435435435435465e+03,1.651960127824853575e-01
6.995395395395395099e+03,1.729192111886270200e-01
7.055355355355355641e+03,1.807256808580799401e-01
7.115315315315315274e+03,1.886066547698289353e-01
7.175275275275274907e+03,1.965535550733288339e-01
7.235235235235235450e+03,2.045580138248736801e-01
7.295195195195195083e+03,2.126118907245043432e-01
7.355155155155154716e+03,2.207072880424819084e-01
7.415115115115115259e+03,2.288365629279505431e-01
7.475075075075074892e+03,2.369923372930984595e-01
7.535035035035035435e+03,2.451675054643529528e-01
7.594994994994995068e+03,2.533552397884133445e-01
7.654954954954954701e+03,2.615489943754349955e-01
7.714914914914915244e+03,2.697425071551038389e-01
7.774874874874874877e+03,2.779298004136001032e-01
7.834834834834834510e+03,2.861051799711457067e-01
7.894794794794795052e+03,2.942632331509621446e-01
7.954754754754754686e+03,3.023988256813394671e-01
8.014714714714714319e+03,3.105071875952219451e-01
8.074674674674674861e+03,3.185839249186658284e-01
8.134634634634634494e+03,3.266244619831738527e-01
8.194594594594595037e+03,3.346247592463493237e-01
8.254554554554553761e+03,3.425810272657857647e-01
8.314514514514514303e+03,3.504897195637685647e-01
8.374474474474474846e+03,3.583475251832592967e-01
8.434434434434433570e+03,3.661513610064141555e-01
8.494394394394394112e+03,3.738983638997451231e-01
8.554354354354354655e+03,3.815858827434170930e-01
8.614314314314315197e+03,3.892114703959482780e-01
8.674274274274273921e+03,3.967728756397560508e-01
8.734234234234234464e+03,4.042680351477309086e-01
8.794194194194195006e+03,4.116950655060196973e-01
8.854154154154153730e+03,4.190522553236757375e-01
8.914114114114114273e+03,4.263380574557071867e-01
8.974074074074074815e+03,4.335510813622440174e-01
9.034034034034033539e+03,4.406900856230883123e-01
9.093993993993994081e+03,4.477539706238081729e-01
9.153953953953954624e+03,4.547417714266803190e-01
9.213913913913913348e+03,4.616526508372637561e-01
9.273873873873873890e+03,4.684858926750873898e-01
9.333833833833834433e+03,4.752408952549039833e-01
9.393793793793793157e+03,4.819171650831174936e-01
9.453753753753753699e+03,4.885143107724285727e-01
9.513713713713714242e+03,4.950320371762292337e-01
9.573673673673672965e+03,5.014701397431421404e-01
9.633633633633633508e+03,5.078284990908898955e-01
9.693593593593594051e+03,5.141070757977987959e-01
9.753553553553552774e+03,5.203059054094062441e-01
9.813513513513513317e+03,5.264250936569083716e-01
9.873473473473473859e+03,5.324648118836405875e-01
9.933433433433432583e+03,5.384252926752162161e-01
9.993393393393393126e+03,5.443068256885981171e-01
1.005335335335335367e+04,5.501095926872489050e-01
1.011331331331331421e+04,5.558341237514604627e-01
1.017327327327327293e+04,5.614808695711122066e-01
1.023323323323323348e+04,5.670503038084768743e-01
1.029319319319319402e+04,5.725429398353083510e-01
1.035315315315315274e+04,5.779593276101123722e-01
1.041311311311311329e+04,5.833000507148944358e-01
1.047307307307307383e+04,5.885657235456333014e-01
1.053303303303303255e+04,5.937569886507294559e-01
1.059299299299299309e+04,5.988745142117566367e-01
1.065295295295295364e+04,6.039189916608388442e-01
1.071291291291291236e+04,6.088911334291416955e-01
1.077287287287287290e+04,6.137916708209716354e-01
1.083283283283283345e+04,6.186213520081773609e-01
1.089279279279279217e+04,6.233809401395881133e-01
1.095275275275275271e+04,6.280712115604081269e-01
1.101271271271271326e+04,6.326929541366046461e-01
1.107267267267267198e+04,6.372469656794725879e-01
1.113263263263263252e+04,6.417340524656913736e-01
1.119259259259259306e+04,6.461550278483758625e-01
1.125255255255255179e+04,6.505107109547370037e-01
1.131251251251251233e+04,6.548019254661412436e-01
1.137247247247247287e+04,6.590294984765096009e-01
1.143243243243243160e+04,6.631942594251427625e-01
1.149239239239239214e+04,6.672970391002106538e-01
1.155235235235235268e+04,6.713386687092974814e-01
1.161231231231231141e+04,6.753199790135437919e-01
1.167227227227227195e+04,6.792417995220469962e-01
1.173223223223223249e+04,6.831049577433616626e-01
1.179219219219219303e+04,6.869102784910345871e-01
1.185215215215215176e+04,6.906585832402772906e-01
1.191211211211211230e+04,6.943506895329913942e-01
1.197207207207207284e+04,6.979874104284824465e-01
1.203203203203203157e+04,7.015695539973457739e-01
1.209199199199199211e+04,7.050979228560955159e-01
1.215195195195195265e+04,7.085733137402289161e-01
1.221191191191191137e+04,7.119965171135540505e-01
1.227187187187187192e+04,7.153683168116719004e-01
1.233183183183183246e+04,7.186894897176356878e-01
1.239179179179179118e+04,7.219608054679064191e-01
1.245175175175175173e+04,7.251830261867987515e-01
1.251171171171171227e+04,7.283569062477134315e-01
1.257167167167167099e+04,7.314831920595529224e-01
1.263163163163163154e+04,7.345626218767588034e-01
1.269159159159159208e+04,7.375959256315408608e-01
1.275155155155155080e+04,7.405838247868972157e-01
1.281151151151151134e+04,7.435270322091294126e-01
1.287147147147147189e+04,7.464262520585984717e-01
1.293143143143143061e+04,7.492821796975575044e-01
1.299139139139139115e+04,7.520955016139546645e-01
1.305135135135135170e+04,7.548668953601356257e-01
1.311131131131131042e+04,7.575970295054655912e-01
1.317127127127127096e+04,7.602865636019281448e-01
1.323123123123123150e+04,7.629361481618078811e-01
1.329119119119119205e+04,7.655464246466159306e-01
1.335115115115115077e+04,7.681180254664745632e-01
1.341111111111111131e+04,7.706515739891997008e-01
1.347107107107107186e+04,7.731476845583835633e-01
1.353103103103103058e+04,7.756069625198050987e-01
1.359099099099099112e+04,7.780300042555468032e-01
1.365095095095095166e+04,7.804173972252199665e-01
1.371091091091091039e+04,7.827697200137390121e-01
1.377087087087087093e+04,7.850875423851304546e-01
1.383083083083083147e+04,7.873714253418631071e-01
1.389079079079079020e+04,7.896219211892586687e-01
1.395075075075075074e+04,7.918395736045167332e-01
1.401071071071071128e+04,7.940249177099730771e-01
1.407067067067067001e+04,7.961784801501776698e-01
1.413063063063063055e+04,7.983007791724462399e-01
1.419059059059059109e+04,8.003923247105434458e-01
1.425055055055054981e+04,8.024536184711630327e-01
1.431051051051051036e+04,8.044851540229320808e-01
1.437047047047047090e+04,8.064874168876302596e-01
1.443043043043042962e+04,8.084608846333797283e-01
1.449039039039039017e+04,8.104060269695534391e-01
1.455035035035035071e+04,8.123233058431715836e-01
1.461031031031030943e+04,8.142131755365709100e-01
1.467027027027026998e+04,8.160760827661489580e-01
1.473023023023023052e+04,8.179124667819855921e-01
1.479019019019019106e+04,8.197227594681862906e-01
1.485015015015014978e+04,8.215073854437600076e-01
1.491011011011011033e+04,8.232667621639044864e-01
1.497007007007007087e+04,8.250013000215308256e-01
1.503003003003002959e+04,8.267114173225570406e-01
1.508998998998999014e+04,8.283975106524376075e-01
1.514994994994995068e+04,8.300599558073579187e-01
1.520990990990990940e+04,8.316991369472730433e-01
1.526986986986986994e+04,8.333154316244253401e-01
1.532982982982983049e+04,8.349092108863549466e-01
1.538978978978978921e+04,8.364808393783379481e-01
1.544974974974974975e+04,8.380306754451618545e-01
1.550970970970971030e+04,8.395590712321933102e-01
1.556966966966966902e+04,8.410663727856529936e-01
1.562962962962962956e+04,8.425529201520668421e-01
1.568958958958959010e+04,8.440190474768247686e-01
1.574954954954954883e+04,8.454650831018158952e-01
1.580950950950950937e+04,8.468913496620910086e-01
1.586946946946946991e+04,8.482981641815136031e-01
1.592942942942942864e+04,8.496858381673765281e-01
1.598938938938938918e+04,8.510546777039488253e-01
1.604934934934934972e+04,8.524049835449253321e-01
1.610930930930930845e+04,8.537370512047579574e-01
1.616926926926926899e+04,8.550511710488551964e-01
1.622922922922922953e+04,8.563476283826233493e-01
1.628918918918919007e+04,8.576267035393378979e-01
1.634914914914914880e+04,8.588886719668420433e-01
1.640910910910910752e+04,8.601338043130464239e-01
1.646906906906906806e+04,8.613623665102413396e-01
1.652902902902902861e+04,8.625746198581949464e-01
1.658898898898898915e+04,8.637708211060580732e-01
1.664894894894894969e+04,8.649512225330471260e-01
1.670890890890891023e+04,8.661160720279287295e-01
1.676886886886886714e+04,8.672656131672872304e-01
1.682882882882882768e+04,8.684000852925944924e-01
1.688878878878878822e+04,8.695197235860688822e-01
1.694874874874874877e+04,8.706247591453416534e-01
1.700870870870870931e+04,8.717154190569287309e-01
1.706866866866866985e+04,8.727919264685156664e-01
1.712862862862863039e+04,8.738545006600668685e-01
1.718858858858858730e+04,8.749033571137612153e-01
1.724854854854854784e+04,8.759387075827688163e-01
1.730850850850850838e+04,8.769607601588752521e-01
1.736846846846846893e+04,8.779697193389636167e-01
1.742842842842842947e+04,8.789657860903656861e-01
1.748838838838839001e+04,8.799491579150985343e-01
1.754834834834834692e+04,8.809200289129863748e-01
1.760830830830830746e+04,8.818785898436923842e-01
1.766826826826826800e+04,8.828250281876645067e-01
1.772822822822822855e+04,8.837595282060142221e-01
1.778818818818818909e+04,8.846822709993372724e-01
1.784814814814814963e+04,8.855934345654868922e-01
1.790810810810810653e+04,8.864931938563241909e-01
1.796806806806806708e+04,8.873817208334482398e-01
1.802802802802802762e+04,8.882591845229211858e-01
1.808798798798798816e+04,8.891257510690113719e-01
1.814794794794794871e+04,8.899815837869552437e-01
1.820790790790790925e+04,8.908268432147655735e-01
1.826786786786786615e+04,8.916616871640877795e-01
1.832782782782782670e+04,8.924862707701292086e-01
1.838778778778778724e+04,8.933007465406671566e-01
1.844774774774774778e+04,8.941052644041568298e-01
1.850770770770770832e+04,8.948999717569470214e-01
1.856766766766766887e+04,8.956850135096237064e-01
1.862762762762762941e+04,8.964605321324917719e-01
1.868758758758758631e+04,8.972266677002080915e-01
1.874754754754754686e+04,8.979835579355858188e-01
1.880750750750750740e+04,8.987313382525750072e-01
1.886746746746746794e+04,8.994701417984427572e-01
1.892742742742742848e+04,9.002000994951572244e-01
1.898738738738738903e+04,9.009213400799979121e-01
1.904734734734734593e+04,9.016339901453989114e-01
1.910730730730730647e+04,9.023381741780415188e-01
1.916726726726726702e+04,9.030340145972092225e-01
1.922722722722722756e+04,9.037216317924170461e-01
1.928718718718718810e+04,9.044011441603302393e-01
1.934714714714714864e+04,9.050726681409810848e-01
1.940710710710710555e+04,9.057363182533020307e-01
1.946706706706706609e+04,9.063922071299815864e-01
1.952702702702702663e+04,9.070404455516607456e-01
1.958698698698698718e+04,9.076811424804771544e-01
1.964694694694694772e+04,9.083144050929718993e-01
1.970690690690690826e+04,9.089403388123723504e-01
1.976686686686686517e+04,9.095590473402562770e-01
1.982682682682682571e+04,9.101706326876166653e-01
1.988678678678678625e+04,9.107751952053316780e-01
1.994674674674674679e+04,9.113728336140556330e-01
2.000670670670670734e+04,9.119636370970787276e-01
2.006666666666666788e+04,9.125476462981454429e-01
2.012662662662662842e+04,9.131250189876620738e-01
2.018658658658658533e+04,9.136958471934684134e-01
2.024654654654654587e+04,9.142602214701001095e-01
2.030650650650650641e+04,9.148182309249587307e-01
2.036646646646646695e+04,9.153699632439853406e-01
2.042642642642642750e+04,9.159155047168530128e-01
2.048638638638638804e+04,9.164549402616770646e-01
2.054634634634634494e+04,9.169883534492633270e-01
2.060630630630630549e+04,9.175158265268946733e-01
2.066626626626626603e+04,9.180374404416702383e-01
2.072622622622622657e+04,9.185532748634031019e-01
2.078618618618618711e+04,9.190634082070847644e-01
2.084614614614614766e+04,9.195679176549267364e-01
2.090610610610610456e+04,9.200668791779846867e-01
2.096606606606606510e+04,9.205603675573773570e-01
2.102602602602602565e+04,9.210484564051025780e-01
2.108598598598598619e+04,9.215312181844624861e-01
2.114594594594594673e+04,9.220087242301037156e-01
2.120590590590590728e+04,9.224810447676813352e-01
2.126586586586586418e+04,9.229482489331514161e-01
2.132582582582582472e+04,9.234104047917012226e-01
2.138578578578578527e+04,9.238675793563250194e-01
2.144574574574574581e+04,9.243198386060497151e-01
2.150570570570570635e+04,9.247672475038195561e-01
2.156566566566566689e+04,9.252098700140445331e-01
2.162562562562562744e+04,9.256477691198213842e-01
2.168558558558558434e+04,9.260810068398318551e-01
2.174554554554554488e+04,9.265096442449234360e-01
2.180550550550550543e+04,9.269337414743832326e-01
2.186546546546546597e+04,9.273533577519051940e-01
2.192542542542542651e+04,9.277685514012616874e-01
2.198538538538538705e+04,9.281793798616809754e-01
2.204534534534534396e+04,9.285858997029411421e-01
2.210530530530530450e+04,9.289881666401802462e-01
2.216526526526526504e+04,9.293862355484334703e-01
2.222522522522522559e+04,9.297801604769000416e-01
2.228518518518518613e+04,9.301699946629442550e-01
2.234514514514514667e+04,9.305557905458398116e-01
2.240510510510510358e+04,9.309375997802566971e-01
2.246506506506506412e+04,9.313154732495013688e-01
2.252502502502502466e+04,9.316894610785106945e-01
2.258498498498498520e+04,9.320596126466080822e-01
2.264494494494494575e+04,9.324259766000217997e-01
2.270490490490490629e+04,9.327886008641772531e-01
2.276486486486486319e+04,9.331475326557581162e-01
2.282482482482482374e+04,9.335028184945507457e-01
2.288478478478478428e+04,9.338545042150676601e-01
2.294474474474474482e+04,9.342026349779619654e-01
2.300470470470470536e+04,9.345472552812291722e-01
2.306466466466466591e+04,9.348884089712065082e-01
2.312462462462462281e+04,9.352261392533719464e-01
2.318458458458458335e+04,9.355604887029446148e-01
2.324454454454454390e+04,9.358914992752941364e-01
2.330450450450450444e+04,9.362192123161591217e-01
2.336446446446446498e+04,9.365436685716815868e-01
2.342442442442442552e+04,9.368649081982588500e-01
2.348438438438438607e+04,9.371829707722164615e-01
2.354434434434434297e+04,9.374978952993076042e-01
2.360430430430430351e+04,9.378097202240394115e-01
2.366426426426426406e+04,9.381184834388321958e-01
2.372422422422422460e+04,9.384242222930136990e-01
2.378418418418418514e+04,9.387269736016502497e-01
2.384414414414414568e+04,9.390267736542218246e-01
2.390410410410410259e+04,9.393236582231389020e-01
2.396406406406406313e+04,9.396176625721083253e-01
2.402402402402402367e+04,9.399088214643490646e-01
2.408398398398398422e+04,9.401971691706614287e-01
2.414394394394394476e+04,9.404827394773520588e-01
2.420390390390390530e+04,9.407655656940184796e-01
2.426386386386386221e+04,9.410456806611938729e-01
2.432382382382382275e+04,9.413231167578585135e-01
2.438378378378378329e+04,9.415979059088140923e-01
2.444374374374374383e+04,9.418700795919322521e-01
2.450370370370370438e+04,9.421396688452713386e-01
2.456366366366366492e+04,9.424067042740685851e-01
2.462362362362362182e+04,9.426712160576095068e-01
2.468358358358358237e+04,9.429332339559763909e-01
2.474354354354354291e+04,9.431927873166772169e-01
2.480350350350350345e+04,9.434499050811594456e-01
2.486346346346346400e+04,9.437046157912084565e-01
2.492342342342342454e+04,9.439569475952347410e-01
2.498338338338338508e+04,9.442069282544521824e-01
2.504334334334334199e+04,9.444545851489459798e-01
2.510330330330330253e+04,9.446999452836376543e-01
2.516326326326326307e+04,9.449430352941443623e-01
2.522322322322322361e+04,9.451838814525379551e-01
2.528318318318318416e+04,9.454225096730026756e-01
2.534314314314314470e+04,9.456589455173960435e-01
2.540310310310310160e+04,9.458932142007130395e-01
2.546306306306306215e+04,9.461253405964566987e-01
2.552302302302302269e+04,9.463553492419152224e-01
2.558298298298298323e+04,9.465832643433488292e-01
2.564294294294294377e+04,9.468091097810875656e-01
2.570290290290290432e+04,9.470329091145411882e-01
2.576286286286286122e+04,9.472546855871240012e-01
2.582282282282282176e+04,9.474744621310950965e-01
2.588278278278278231e+04,9.476922613723154365e-01
2.594274274274274285e+04,9.479081056349251133e-01
2.600270270270270339e+04,9.481220169459397829e-01
2.606266266266266393e+04,9.483340170397698277e-01
2.612262262262262084e+04,9.485441273626624703e-01
2.618258258258258138e+04,9.487523690770683915e-01
2.624254254254254192e+04,9.489587630659355177e-01
2.630250250250250247e+04,9.491633299369292009e-01
2.636246246246246301e+04,9.493660900265817881e-01
2.642242242242242355e+04,9.495670634043724689e-01
2.648238238238238409e+04,9.497662698767381784e-01
2.654234234234234100e+04,9.499637289910175530e-01
2.660230230230230154e+04,9.501594600393291623e-01
2.666226226226226208e+04,9.503534820623835699e-01
2.672222222222222263e+04,9.505458138532334456e-01
2.678218218218218317e+04,9.507364739609599491e-01
2.684214214214214371e+04,9.509254806942983862e-01
2.690210210210210062e+04,9.511128521252036894e-01
2.696206206206206116e+04,9.512986060923555032e-01
2.702202202202202170e+04,9.514827602046076471e-01
2.708198198198198224e+04,9.516653318443782927e-01
2.714194194194194279e+04,9.518463381709852955e-01
2.720190190190190333e+04,9.520257961239259048e-01
2.726186186186186023e+04,9.522037224261037380e-01
2.732182182182182078e+04,9.523801335870007989e-01
2.738178178178178132e+04,9.525550459057997577e-01
2.744174174174174186e+04,9.527284754744532735e-01
2.750170170170170240e+04,9.529004381807036905e-01
2.756166166166166295e+04,9.530709497110544381e-01
2.762162162162161985e+04,9.532400255536911393e-01
2.768158158158158039e+04,9.534076810013567549e-01
2.774154154154154094e+04,9.535739311541797658e-01
2.780150150150150148e+04,9.537387909224556148e-01
2.786146146146146202e+04,9.539022750293845165e-01
2.792142142142142256e+04,9.540643980137634150e-01
2.798138138138138311e+04,9.542251742326363084e-01
2.804134134134134001e+04,9.543846178639001643e-01
2.810130130130130055e+04,9.545427429088699789e-01
2.816126126126126110e+04,9.546995631948025363e-01
2.822122122122122164e+04,9.548550923773795329e-01
2.828118118118118218e+04,9.550093439431508457e-01
2.834114114114114273e+04,9.551623312119388309e-01
2.840110110110109963e+04,9.553140673392045423e-01
2.846106106106106017e+04,9.554645653183764242e-01
2.852102102102102072e+04,9.556138379831407015e-01
2.858098098098098126e+04,9.557618980096972416e-01
2.864094094094094180e+04,9.559087579189786688e-01
2.870090090090090234e+04,9.560544300788340610e-01
2.876086086086085925e+04,9.561989267061786757e-01
2.882082082082081979e+04,9.563422598691102561e-01
2.888078078078078033e+04,9.564844414889910329e-01
2.894074074074074088e+04,9.566254833424969739e-01
2.900070070070070142e+04,9.567653970636362804e-01
2.906066066066066196e+04,9.569041941457349099e-01
2.912062062062061887e+04,9.570418859433910130e-01
2.918058058058057941e+04,9.571784836743999492e-01
2.924054054054053995e+04,9.573139984216482157e-01
2.930050050050050049e+04,9.574484411349788449e-01
2.936046046046046104e+04,9.575818226330264915e-01
2.942042042042042158e+04,9.577141536050255421e-01
2.948038038038038212e+04,9.578454446125892474e-01
2.954034034034033903e+04,9.579757060914617650e-01
2.960030030030029957e+04,9.581049483532427802e-01
2.966026026026026011e+04,9.582331815870862579e-01
2.972022022022022065e+04,9.583604158613724389e-01
2.978018018018018120e+04,9.584866611253536339e-01
2.984014014014014174e+04,9.586119272107765932e-01
2.990010010010009864e+04,9.587362238334783404e-01
2.996006006006005919e+04,9.588595605949576939e-01
3.002002002002001973e+04,9.589819623161456308e-01
3.007997997997998027e+04,9.591034566828775532e-01
3.013993993993994081e+04,9.592240186278067071e-01
3.019989989989990136e+04,9.593436573074121121e-01
3.025985985985985826e+04,9.594623817713127112e-01
3.031981981981981880e+04,9.595802009637033336e-01
3.037977977977977935e+04,9.596971237247692299e-01
3.043973973973973989e+04,9.598131587920782914e-01
3.049969969969970043e+04,9.599283148019541745e-01
3.055965965965966097e+04,9.600426002908259981e-01
3.061961961961961788e+04,9.601560236965609452e-01
3.067957957957957842e+04,9.602685933597742141e-01
3.073953953953953896e+04,9.603803175251205415e-01
3.079949949949949951e+04,9.604912043425665180e-01
3.085945945945946005e+04,9.606012618686430304e-01
3.091941941941942059e+04,9.607104980676804962e-01
3.097937937937938113e+04,9.608189208130237802e-01
3.103933933933933804e+04,9.609265378882310138e-01
3.109929929929929858e+04,9.610333569882529847e-01
3.115925925925925912e+04,9.611393857205960956e-01
3.121921921921921967e+04,9.612446316064681140e-01
3.127917917917918021e+04,9.613491020819058264e-01
3.133913913913914075e+04,9.614528044988877031e-01
3.139909909909909766e+04,9.615557461264290229e-01
3.145905905905905820e+04,9.616579341516613422e-01
3.151901901901901874e+04,9.617593756808963112e-01
3.157897897897897928e+04,9.618600777406732805e-01
3.163893893893893983e+04,9.619600472787919188e-01
3.169889889889890037e+04,9.620592911653305102e-01
3.175885885885885727e+04,9.621578161936478191e-01
3.181881881881881782e+04,9.622556290813716329e-01
3.187877877877877836e+04,9.623527364713728716e-01
3.193873873873873890e+04,9.624491449327243764e-01
3.199869869869869945e+04,9.625448609616478191e-01
3.205865865865865999e+04,9.626398909824448458e-01
3.211861861861861689e+04,9.627342413484160089e-01
3.217857857857857744e+04,9.628279183427664867e-01
3.223853853853853798e+04,9.629209281794979258e-01
3.229849849849849852e+04,9.630132770042882928e-01
3.235845845845845906e+04,9.631049708953587363e-01
3.241841841841841961e+04,9.631960158643277925e-01
3.247837837837838015e+04,9.632864178570540448e-01
3.253833833833833705e+04,9.633761827544664591e-01
3.259829829829829760e+04,9.634653163733823966e-01
3.265825825825825814e+04,9.635538244673143016e-01
3.271821821821821868e+04,9.636417127272659533e-01
3.277817817817817559e+04,9.637289867825148404e-01
3.283813813813813613e+04,9.638156522013867633e-01
3.289809809809809667e+04,9.639017144920170033e-01
3.295805805805805721e+04,9.639871791031011661e-01
3.301801801801801776e+04,9.640720514246364781e-01
3.307797797797797830e+04,9.641563367886519798e-01
3.313793793793793884e+04,9.642400404699281724e-01
3.319789789789789938e+04,9.643231676867066726e-01
3.325785785785785993e+04,9.644057236013906520e-01
3.331781781781782047e+04,9.644877133212345077e-01
3.337777777777778101e+04,9.645691418990245403e-01
3.343773773773773428e+04,9.646500143337499722e-01
3.349769769769769482e+04,9.647303355712643080e-01
3.355765765765765536e+04,9.648101105049382564e-01
3.361761761761761591e+04,9.648893439763024382e-01
3.367757757757757645e+04,9.649680407756826561e-01
3.373753753753753699e+04,9.650462056428247282e-01
3.379749749749749753e+04,9.651238432675125489e-01
3.385745745745745808e+04,9.652009582901753815e-01
3.391741741741741862e+04,9.652775553024894872e-01
3.397737737737737916e+04,9.653536388479684316e-01
3.403733733733733970e+04,9.654292134225485045e-01
3.409729729729730025e+04,9.655042834751629277e-01
3.415725725725726079e+04,9.655788534083112884e-01
3.421721721721721406e+04,9.656529275786183142e-01
3.427717717717717460e+04,9.657265102973872084e-01
3.433713713713713514e+04,9.657996058311445475e-01
3.439709709709709568e+04,9.658722184021774071e-01
3.445705705705705623e+04,9.659443521890641593e-01
3.451701701701701677e+04,9.660160113271972770e-01
3.457697697697697731e+04,9.660871999092991436e-01
3.463693693693693785e+04,9.661579219859316447e-01
3.469689689689689840e+04,9.662281815659977680e-01
3.475685685685685894e+04,9.662979826172372055e-01
3.481681681681681948e+04,9.663673290667151861e-01
3.487677677677678003e+04,9.664362248013044221e-01
3.493673673673673329e+04,9.665046736681606188e-01
3.499669669669669383e+04,9.665726794751927642e-01
3.505665665665665438e+04,9.666402459915246492e-01
3.511661661661661492e+04,9.667073769479531675e-01
3.517657657657657546e+04,9.667740760373979558e-01
3.523653653653653600e+04,9.668403469153473706e-01
3.529649649649649655e+04,9.669061932002958049e-01
3.535645645645645709e+04,9.669716184741782294e-01
3.541641641641641763e+04,9.670366262827964077e-01
3.547637637637637818e+04,9.671012201362412242e-01
3.553633633633633872e+04,9.671654035093085744e-01
3.559629629629629926e+04,9.672291798419094810e-01
3.565625625625625980e+04,9.672925525394761026e-01
3.571621621621621307e+04,9.673555249733608585e-01
3.577617617617617361e+04,9.674181004812313356e-01
3.583613613613613416e+04,9.674802823674599761e-01
3.589609609609609470e+04,9.675420739035078821e-01
3.595605605605605524e+04,9.676034783283044005e-01
3.601601601601601578e+04,9.676644988486216015e-01
3.607597597597597633e+04,9.677251386394434274e-01
3.613593593593593687e+04,9.677854008443308453e-01
3.619589589589589741e+04,9.678452885757811153e-01
3.625585585585585795e+04,9.679048049155837274e-01
3.631581581581581850e+04,9.679639529151706778e-01
3.637577577577577904e+04,9.680227355959625246e-01
3.643573573573573231e+04,9.680811559497104479e-01
3.649569569569569285e+04,9.681392169388330915e-01
3.655565565565565339e+04,9.681969214967498516e-01
3.661561561561561393e+04,9.682542725282089480e-01
3.667557557557557448e+04,9.683112729096124971e-01
3.673553553553553502e+04,9.683679254893362565e-01
3.679549549549549556e+04,9.684242330880461491e-01
3.685545545545545610e+04,9.684801984990099033e-01
3.691541541541541665e+04,9.685358244884059165e-01
3.697537537537537719e+04,9.685911137956264572e-01
3.703533533533533773e+04,9.686460691335788686e-01
3.709529529529529827e+04,9.687006931889819983e-01
3.715525525525525882e+04,9.687549886226581863e-01
3.721521521521521208e+04,9.688089580698231451e-01
3.727517517517517263e+04,9.688626041403711753e-01
3.733513513513513317e+04,9.689159294191566074e-01
3.739509509509509371e+04,9.689689364662723570e-01
3.745505505505505425e+04,9.690216278173243714e-01
3.751501501501501480e+04,9.690740059837034126e-01
3.757497497497497534e+04,9.691260734528521770e-01
3.763493493493493588e+04,9.691778326885306383e-01
3.769489489489489642e+04,9.692292861310765062e-01
3.775485485485485697e+04,9.692804361976634642e-01
3.781481481481481751e+04,9.693312852825561876e-01
3.787477477477477805e+04,9.693818357573612543e-01
3.793473473473473132e+04,9.694320899712760564e-01
3.799469469469469186e+04,9.694820502513337157e-01
3.805465465465465240e+04,9.695317189026460003e-01
3.811461461461461295e+04,9.695810982086416896e-01
3.817457457457457349e+04,9.696301904313037179e-01
3.823453453453453403e+04,9.696789978114019881e-01
3.829449449449449457e+04,9.697275225687240763e-01
3.835445445445445512e+04,9.697757669023031601e-01
3.841441441441441566e+04,9.698237329906423954e-01
3.847437437437437620e+04,9.698714229919375152e-01
3.853433433433433675e+04,9.699188390442956553e-01
3.859429429429429729e+04,9.699659832659527359e-01
3.865425425425425783e+04,9.700128577554868459e-01
3.871421421421421110e+04,9.700594645920299630e-01
3.877417417417417164e+04,9.701058058354768976e-01
3.883413413413413218e+04,9.701518835266915719e-01
3.889409409409409272e+04,9.701976996877104131e-01
3.895405405405405327e+04,9.702432563219444139e-01
3.901401401401401381e+04,9.702885554143771962e-01
3.907397397397397435e+04,9.703335989317619648e-01
3.913393393393393490e+04,9.703783888228157961e-01
3.919389389389389544e+04,9.704229270184105971e-01
3.925385385385385598e+04,9.704672154317635080e-01
3.931381381381381652e+04,9.705112559586233090e-01
3.937377377377377707e+04,9.705550504774554943e-01
3.943373373373373033e+04,9.705986008496254591e-01
3.949369369369369088e+04,9.706419089195783556e-01
3.955365365365365142e+04,9.706849765150175058e-01
3.961361361361361196e+04,9.707278054470809270e-01
3.967357357357357250e+04,9.707703975105154148e-01
3.973353353353353305e+04,9.708127544838480727e-01
3.979349349349349359e+04,9.708548781295567309e-01
3.985345345345345413e+04,9.708967701942379236e-01
3.991341341341341467e+04,9.709384324087725338e-01
3.997337337337337522e+04,9.709798664884898844e-01
4.003333333333333576e+04,9.710210613282738157e-01
4.009329329329329630e+04,9.710620222866687135e-01
4.015325325325325684e+04,9.711027603844940570e-01
4.021321321321321011e+04,9.711432772732579988e-01
4.027317317317317065e+04,9.711835745896769678e-01
4.033313313313313120e+04,9.712236539558294357e-01
4.039309309309309174e+04,9.712635169793081280e-01
4.045305305305305228e+04,9.713031652533704596e-01
4.051301301301301282e+04,9.713426003570867495e-01
4.057297297297297337e+04,9.713818238554868811e-01
4.063293293293293391e+04,9.714208372997061858e-01
4.069289289289289445e+04,9.714596422271276621e-01
4.075285285285285499e+04,9.714982401615244179e-01
4.081281281281281554e+04,9.715366326131994468e-01
4.087277277277277608e+04,9.715748210791237405e-01
4.093273273273272935e+04,9.716128070430735120e-01
4.099269269269268989e+04,9.716505919757651988e-01
4.105265265265265043e+04,9.716881773349885787e-01
4.111261261261261097e+04,9.717255645657397745e-01
4.117257257257257152e+04,9.717627551003507058e-01
4.123253253253253206e+04,9.717997503586188746e-01
4.129249249249249260e+04,9.718365517479344851e-01
4.135245245245245314e+04,9.718731606634066766e-01
4.141241241241241369e+04,9.719095784879875355e-01
4.147237237237237423e+04,9.719458065925962176e-01
4.153233233233233477e+04,9.719818463362398520e-01
4.159229229229229531e+04,9.720176990661342220e-01
4.165225225225225586e+04,9.720533661178224483e-01
4.171221221221220912e+04,9.720888488152930051e-01
4.177217217217216967e+04,9.721241484710955172e-01
4.183213213213213021e+04,9.721592663864558892e-01
4.189209209209209075e+04,9.721942038513897710e-01
4.195205205205205129e+04,9.722289621448151342e-01
4.201201201201201184e+04,9.722635425346628502e-01
4.207197197197197238e+04,9.722979462779867132e-01
4.213193193193193292e+04,9.723321746210721317e-01
4.219189189189189347e+04,9.723662287995430420e-01
4.225185185185185401e+04,9.724001100384681573e-01
4.231181181181181455e+04,9.724338195524657724e-01
4.237177177177177509e+04,9.724673585458076808e-01
4.243173173173172836e+04,9.725007282125212038e-01
4.249169169169168890e+04,9.725339297364909985e-01
4.255165165165164944e+04,9.725669642915593105e-01
4.261161161161160999e+04,9.725998330416245619e-01
4.267157157157157053e+04,9.726325371407398279e-01
4.273153153153153107e+04,9.726650777332096487e-01
4.279149149149149162e+04,9.726974559536853970e-01
4.285145145145145216e+04,9.727296729272608689e-01
4.291141141141141270e+04,9.727617297695648757e-01
4.297137137137137324e+04,9.727936275868549476e-01
4.303133133133133379e+04,9.728253674761081493e-01
4.309129129129129433e+04,9.728569505251120075e-01
4.315125125125125487e+04,9.728883778125539949e-01
4.321121121121120814e+04,9.729196504081101260e-01
4.327117117117116868e+04,9.729507693725327755e-01
4.333113113113112922e+04,9.729817357577370540e-01
4.339109109109108977e+04,9.730125506068862951e-01
4.345105105105105031e+04,9.730432149544775422e-01
4.351101101101101085e+04,9.730737298264243718e-01
4.357097097097097139e+04,9.731040962401406036e-01
4.363093093093093194e+04,9.731343152046219025e-01
4.369089089089089248e+04,9.731643877205267135e-01
4.375085085085085302e+04,9.731943147802569749e-01
4.381081081081081356e+04,9.732240973680367224e-01
4.387077077077077411e+04,9.732537364599911367e-01
4.393073073073072737e+04,9.732832330242238150e-01
4.399069069069068792e+04,9.733125880208934877e-01
4.405065065065064846e+04,9.733418024022901793e-01
4.411061061061060900e+04,9.733708771129100379e-01
4.417057057057056954e+04,9.733998130895297196e-01
4.423053053053053009e+04,9.734286112612798858e-01
4.429049049049049063e+04,9.734572725497178114e-01
4.435045045045045117e+04,9.734857978688991054e-01
4.441041041041041171e+04,9.735141881254494312e-01
4.447037037037037226e+04,9.735424442186337846e-01
4.453033033033033280e+04,9.735705670404272150e-01
4.459029029029029334e+04,9.735985574755828820e-01
4.465025025025025388e+04,9.736264164017004452e-01
4.471021021021020715e+04,9.736541446892934548e-01
4.477017017017016769e+04,9.736817432018559648e-01
4.483013013013012824e+04,9.737092127959283694e-01
4.489009009009008878e+04,9.737365543211626839e-01
4.495005005005004932e+04,9.737637686203870491e-01
4.501001001001000986e+04,9.737908565296696795e-01
4.506996996996997041e+04,9.738178188783820355e-01
4.512992992992993095e+04,9.738446564892612178e-01
4.518988988988989149e+04,9.738713701784715848e-01
4.524984984984985203e+04,9.738979607556663698e-01
4.530980980980981258e+04,9.739244290240479662e-01
4.536976976976977312e+04,9.739507757804277688e-01
4.542972972972972639e+04,9.739770018152857922e-01
4.548968968968968693e+04,9.740031079128285141e-01
4.554964964964964747e+04,9.740290948510477165e-01
4.560960960960960801e+04,9.740549634017775515e-01
4.566956956956956856e+04,9.740807143307511629e-01
4.572952952952952910e+04,9.741063483976571957e-01
4.578948948948948964e+04,9.741318663561950864e-01
4.584944944944945019e+04,9.741572689541306840e-01
4.590940940940941073e+04,9.741825569333497636e-01
4.596936936936937127e+04,9.742077310299127602e-01
4.602932932932933181e+04,9.742327919741077258e-01
4.608928928928929236e+04,9.742577404905032878e-01
4.614924924924924562e+04,9.742825772980003851e-01
4.620920920920920616e+04,9.743073031098846704e-01
4.626916916916916671e+04,9.743319186338769144e-01
4.632912912912912725e+04,9.743564245721842987e-01
4.638908908908908779e+04,9.743808216215498197e-01
4.644904904904904834e+04,9.744051104733026936e-01
4.650900900900900888e+04,9.744292918134065395e-01
4.656896896896896942e+04,9.744533663225083409e-01
4.662892892892892996e+04,9.744773346759866284e-01
4.668888888888889051e+04,9.745011975439989982e-01
4.674884884884885105e+04,9.745249555915287409e-01
4.680880880880881159e+04,9.745486094784320263e-01
4.686876876876877213e+04,9.745721598594836443e-01
4.692872872872872540e+04,9.745956073844227463e-01
4.698868868868868594e+04,9.746189526979980311e-01
4.704864864864864649e+04,9.746421964400123761e-01
4.710860860860860703e+04,9.746653392453671350e-01
4.716856856856856757e+04,9.746883817441061026e-01
4.722852852852852811e+04,9.747113245614585919e-01
4.728848848848848866e+04,9.747341683178825100e-01
4.734844844844844920e+04,9.747569136291066583e-01
4.740840840840840974e+04,9.747795611061732535e-01
4.746836836836837028e+04,9.748021113554788952e-01
4.752832832832833083e+04,9.748245649788161993e-01
4.758828828828829137e+04,9.748469225734147647e-01
4.764824824824824464e+04,9.748691847319806980e-01
4.770820820820820518e+04,9.748913520427378021e-01
4.776816816816816572e+04,9.749134250894659903e-01
4.782812812812812626e+04,9.749354044515411433e-01
4.788808808808808681e+04,9.749572907039738556e-01
4.794804804804804735e+04,9.749790844174474058e-01
4.800800800800800789e+04,9.750007861583561697e-01
4.806796796796796843e+04,9.750223964888431460e-01
4.812792792792792898e+04,9.750439159668370381e-01
4.818788788788788952e+04,9.750653451460893351e-01
4.824784784784785006e+04,9.750866845762106161e-01
4.830780780780781060e+04,9.751079348027070770e-01
4.836776776776777115e+04,9.751290963670156131e-01
4.842772772772772441e+04,9.751501698065400126e-01
4.848768768768768496e+04,9.751711556546858173e-01
4.854764764764764550e+04,9.751920544408946290e-01
4.860760760760760604e+04,9.752128666906789700e-01
4.866756756756756658e+04,9.752335929256562563e-01
4.872752752752752713e+04,9.752542336635822151e-01
4.878748748748748767e+04,9.752747894183847466e-01
4.884744744744744821e+04,9.752952607001965646e-01
4.890740740740740875e+04,9.753156480153879482e-01
4.896736736736736930e+04,9.753359518665994932e-01
4.902732732732732984e+04,9.753561727527738645e-01
4.908728728728729038e+04,9.753763111691877707e-01
4.914724724724724365e+04,9.753963676074831612e-01
4.920720720720720419e+04,9.754163425556987566e-01
4.926716716716716473e+04,9.754362364983004685e-01
4.932712712712712528e+04,9.754560499162123755e-01
4.938708708708708582e+04,9.754757832868466982e-01
4.944704704704704636e+04,9.754954370841337763e-01
4.950700700700700691e+04,9.755150117785518216e-01
4.956696696696696745e+04,9.755345078371564504e-01
4.962692692692692799e+04,9.755539257236092165e-01
4.968688688688688853e+04,9.755732658982071426e-01
4.974684684684684908e+04,9.755925288179106980e-01
4.980680680680680962e+04,9.756117149363725538e-01
4.986676676676677016e+04,9.756308247039647830e-01
4.992672672672672343e+04,9.756498585678075042e-01
4.998668668668668397e+04,9.756688169717957493e-01
5.004664664664664451e+04,9.756877054450682207e-01
5.010660660660660506e+04,9.757065209003826789e-01
5.016656656656656560e+04,9.757252621597604092e-01
5.022652652652652614e+04,9.757439296564953679e-01
5.028648648648648668e+04,9.757625238207906504e-01
5.034644644644644723e+04,9.757810450797841373e-01
5.040640640640640777e+04,9.757994938575738075e-01
5.046636636636636831e+04,9.758178705752432736e-01
5.052632632632632885e+04,9.758361756508863172e-01
5.058628628628628940e+04,9.758544094996318696e-01
5.064624624624624266e+04,9.758725725336682144e-01
5.070620620620620321e+04,9.758906651622675232e-01
5.076616616616616375e+04,9.759086877918095038e-01
5.082612612612612429e+04,9.759266408258057135e-01
5.088608608608608483e+04,9.759445246649225414e-01
5.094604604604604538e+04,9.759623397070048556e-01
5.100600600600600592e+04,9.759800863470990961e-01
5.106596596596596646e+04,9.759977649774762565e-01
5.112592592592592700e+04,9.760153759876543100e-01
5.118588588588588755e+04,9.760329197644211918e-01
5.124584584584584809e+04,9.760503966918564478e-01
5.130580580580580863e+04,9.760678071513539944e-01
5.136576576576576917e+04,9.760851515216432128e-01
5.142572572572572244e+04,9.761024301788111535e-01
5.148568568568568298e+04,9.761196434963241853e-01
5.154564564564564353e+04,9.761367918450485348e-01
5.160560560560560407e+04,9.761538755932719358e-01
5.166556556556556461e+04,9.761708951067243900e-01
5.172552552552552515e+04,9.761878507485988177e-01
5.178548548548548570e+04,9.762047428795712634e-01
5.184544544544544624e+04,9.762215718578217682e-01
5.190540540540540678e+04,9.762383380390541321e-01
5.196536536536536732e+04,9.762550417765158972e-01
5.202532532532532787e+04,9.762716834210179995e-01
5.208528528528528841e+04,9.762882633209546412e-01
5.214524524524524168e+04,9.763047818223223873e-01
5.220520520520520222e+04,9.763212392687395935e-01
5.226516516516516276e+04,9.763376360014651700e-01
5.232512512512512330e+04,9.763539723594178987e-01
5.238508508508508385e+04,9.763702486791946411e-01
5.244504504504504439e+04,9.763864652950891010e-01
5.250500500500500493e+04,9.764026225391103653e-01
5.256496496496496547e+04,9.764187207410006675e-01
5.262492492492492602e+04,9.764347602282538174e-01
5.268488488488488656e+04,9.764507413261328539e-01
5.274484484484484710e+04,9.764666643576878080e-01
5.280480480480480765e+04,9.764825296437731339e-01
5.286476476476476819e+04,9.764983375030654722e-01
5.292472472472472145e+04,9.765140882520801924e-01
5.298468468468468200e+04,9.765297822051892673e-01
5.304464464464464254e+04,9.765454196746375937e-01
5.310460460460460308e+04,9.765610009705599781e-01
5.316456456456456363e+04,9.765765264009979019e-01
5.322452452452452417e+04,9.765919962719158409e-01
5.328448448448448471e+04,9.766074108872172532e-01
5.334444444444444525e+04,9.766227705487615651e-01
5.340440440440440580e+04,9.766380755563794924e-01
5.346436436436436634e+04,9.766533262078890276e-01
5.352432432432432688e+04,9.766685227991117602e-01
5.358428428428428742e+04,9.766836656238877534e-01
5.364424424424424069e+04,9.766987549740911989e-01
5.370420420420420123e+04,9.767137911396462924e-01
5.376416416416416178e+04,9.767287744085415557e-01
5.382412412412412232e+04,9.767437050668456022e-01
5.388408408408408286e+04,9.767585833987219024e-01
5.394404404404404340e+04,9.767734096864432169e-01
5.400400400400400395e+04,9.767881842104068069e-01
5.406396396396396449e+04,9.768029072491484222e-01
5.412392392392392503e+04,9.768175790793571789e-01
5.418388388388388557e+04,9.768321999758897700e-01
5.424384384384384612e+04,9.768467702117841212e-01
5.430380380380380666e+04,9.768612900582742675e-01
5.436376376376376720e+04,9.768757597848033436e-01
5.442372372372372047e+04,9.768901796590381270e-01
5.448368368368368101e+04,9.769045499468822502e-01
5.454364364364364155e+04,9.769188709124900782e-01
5.460360360360360210e+04,9.769331428182796984e-01
5.466356356356356264e+04,9.769473659249467978e-01
5.472352352352352318e+04,9.769615404914772094e-01
5.478348348348348372e+04,9.769756667751606782e-01
5.484344344344344427e+04,9.769897450316031851e-01
5.490340340340340481e+04,9.770037755147401581e-01
5.496336336336336535e+04,9.770177584768492407e-01
5.502332332332332589e+04,9.770316941685629475e-01
5.508328328328328644e+04,9.770455828388807662e-01
5.514324324324323970e+04,9.770594247351820361e-01
5.520320320320320025e+04,9.770732201032381603e-01
5.526316316316316079e+04,9.770869691872245966e-01
5.532312312312312133e+04,9.771006722297331804e-01
5.538308308308308187e+04,9.771143294717840044e-01
5.544304304304304242e+04,9.771279411528374093e-01
5.550300300300300296e+04,9.771415075108054182e-01
5.556296296296296350e+04,9.771550287820640612e-01
5.562292292292292404e+04,9.771685052014644768e-01
5.568288288288288459e+04,9.771819370023441254e-01
5.574284284284284513e+04,9.771953244165391128e-01
5.580280280280280567e+04,9.772086676743946265e-01
5.586276276276276622e+04,9.772219670047763707e-01
5.592272272272271948e+04,9.772352226350817794e-01
5.598268268268268002e+04,9.772484347912510083e-01
5.604264264264264057e+04,9.772616036977778142e-01
5.610260260260260111e+04,9.772747295777201026e-01
5.616256256256256165e+04,9.772878126527111409e-01
5.622252252252252219e+04,9.773008531429698831e-01
5.628248248248248274e+04,9.773138512673112954e-01
5.634244244244244328e+04,9.773268072431573472e-01
5.640240240240240382e+04,9.773397212865471140e-01
5.646236236236236437e+04,9.773525936121468805e-01
5.652232232232232491e+04,9.773654244332604657e-01
5.658228228228228545e+04,9.773782139618396592e-01
5.664224224224223872e+04,9.773909624084934356e-01
5.670220220220219926e+04,9.774036699824987240e-01
5.676216216216215980e+04,9.774163368918098449e-01
5.682212212212212035e+04,9.774289633430682800e-01
5.688208208208208089e+04,9.774415495416124422e-01
5.694204204204204143e+04,9.774540956914872236e-01
5.700200200200200197e+04,9.774666019954535434e-01
5.706196196196196252e+04,9.774790686549977847e-01
5.712192192192192306e+04,9.774914958703413426e-01
5.718188188188188360e+04,9.775038838404493946e-01
5.724184184184184414e+04,9.775162327630407821e-01
5.730180180180180469e+04,9.775285428345964478e-01
5.736176176176176523e+04,9.775408142503692055e-01
5.742172172172171850e+04,9.775530472043921781e-01
5.748168168168167904e+04,9.775652418894879014e-01
5.754164164164163958e+04,9.775773984972769837e-01
5.760160160160160012e+04,9.775895172181874315e-01
5.766156156156156067e+04,9.776015982414624217e-01
5.772152152152152121e+04,9.776136417551697377e-01
5.778148148148148175e+04,9.776256479462098747e-01
5.784144144144144229e+04,9.776376170003245880e-01
5.790140140140140284e+04,9.776495491021053308e-01
5.796136136136136338e+04,9.776614444350018029e-01
5.802132132132132392e+04,9.776733031813295005e-01
5.808128128128128446e+04,9.776851255222789305e-01
5.814124124124123773e+04,9.776969116379227165e-01
5.820120120120119827e+04,9.777086617072247021e-01
5.826116116116115882e+04,9.777203759080468348e-01
5.832112112112111936e+04,9.777320544171579364e-01
5.838108108108107990e+04,9.777436974102412526e-01
5.844104104104104044e+04,9.777553050619023356e-01
5.850100100100100099e+04,9.777668775456764827e-01
5.856096096096096153e+04,9.777784150340370628e-01
5.862092092092092207e+04,9.777899176984021778e-01
5.868088088088088261e+04,9.778013857091432115e-01
5.874084084084084316e+04,9.778128192355917125e-01
5.880080080080080370e+04,9.778242184460467223e-01
5.886076076076076424e+04,9.778355835077825464e-01
5.892072072072071751e+04,9.778469145870560819e-01
5.898068068068067805e+04,9.778582118491135899e-01
5.904064064064063859e+04,9.778694754581981341e-01
5.910060060060059914e+04,9.778807055775569079e-01
5.916056056056055968e+04,9.778919023694481183e-01
5.922052052052052022e+04,9.779030659951477578e-01
5.928048048048048076e+04,9.779141966149572651e-01
5.934044044044044131e+04,9.779252943882095206e-01
5.940040040040040185e+04,9.779363594732762843e-01
5.946036036036036239e+04,9.779473920275750798e-01
5.952032032032032294e+04,9.779583922075753000e-01
5.958028028028028348e+04,9.779693601688057569e-01
5.964024024024023674e+04,9.779802960658603439e-01
5.970020020020019729e+04,9.779912000524053628e-01
5.976016016016015783e+04,9.780020722811858525e-01
5.982012012012011837e+04,9.780129129040319169e-01
5.988008008008007891e+04,9.780237220718650537e-01
5.994004004004003946e+04,9.780344999347049262e-01
6.000000000000000000e+04,9.780452466416752477e-01
