Photon Energy [eV],[oe 3] Transmitivity
1.000000000000000000e+02,3.870681765831555350e-197
1.599599599599599742e+02,6.091703740680900528e-193
2.199199199199199199e+02,4.902544981510238249e-193
2.798798798798798657e+02,1.152782107641133799e-166
3.398398398398398399e+02,8.191990254749206732e-166
3.997997997997998141e+02,0.000000000000000000e+00
4.597597597597597314e+02,0.000000000000000000e+00
5.197197197197197056e+02,0.000000000000000000e+00
5.796796796796796798e+02,0.000000000000000000e+00
6.396396396396396540e+02,0.000000000000000000e+00
6.995995995995996282e+02,0.000000000000000000e+00
7.595595595595596023e+02,0.000000000000000000e+00
8.195195195195194628e+02,0.000000000000000000e+00
8.794794794794794370e+02,1.106979432921084933e-282
9.394394394394394112e+02,4.379436023714890804e-264
9.993993993993993854e+02,9.076049844034909122e-257
1.059359359359359360e+03,5.849855071174247274e-225
1.119319319319319220e+03,2.449148817835080517e-198
1.179279279279279308e+03,4.944798957867731812e-176
1.239239239239239168e+03,3.563100910356881215e-157
1.299199199199199256e+03,4.219548025419082496e-141
1.359159159159159117e+03,2.674089579920894163e-127
1.419119119119119205e+03,2.283998980895674436e-115
1.479079079079079065e+03,5.458926957277075088e-105
1.539039039039038926e+03,1.228508666153537594e-95
1.598998998998999014e+03,2.637165585395072156e-87
1.658958958958958874e+03,5.652350615919888357e-80
1.718918918918918962e+03,1.709238245986818756e-73
1.778878878878878822e+03,9.689063866372218728e-68
1.838838838838838910e+03,1.302630107017629710e-62
1.898798798798798771e+03,5.052584141621101808e-58
1.958758758758758859e+03,6.662935220079295087e-54
2.018718718718718719e+03,3.755460464225757061e-50
2.078678678678678807e+03,1.098937156721822695e-46
2.138638638638638440e+03,1.495537695792935375e-43
2.198598598598598528e+03,1.037704419327642786e-40
2.258558558558558616e+03,3.972167971661642036e-38
2.318518518518518704e+03,8.976657114426677488e-36
2.378478478478478337e+03,1.269948724439859290e-33
2.438438438438438425e+03,1.183361355055161771e-31
2.498398398398398513e+03,7.591435581061158262e-30
2.558358358358358146e+03,3.484894850453980518e-28
2.618318318318318234e+03,1.184192578561694897e-26
2.678278278278278322e+03,3.068669677480936523e-25
2.738238238238238409e+03,6.225452449061922995e-24
2.798198198198198043e+03,1.011956060784821921e-22
2.858158158158158130e+03,1.345413143384662251e-21
2.918118118118118218e+03,1.490022756166269194e-20
2.978078078078077851e+03,1.397165670551474119e-19
3.038038038038037939e+03,1.153395185947844623e-18
3.097997997997998027e+03,8.374568402731736384e-18
3.157957957957958115e+03,5.333059711837730123e-17
3.217917917917917748e+03,3.840011629038967098e-52
3.277877877877877836e+03,4.795897410726458504e-50
3.337837837837837924e+03,1.590677273460176570e-65
3.397797797797798012e+03,7.476318436877945330e-63
3.457757757757757645e+03,2.463285070219058565e-60
3.517717717717717733e+03,6.061030789378523914e-58
3.577677677677677821e+03,1.100145222701673855e-55
3.637637637637637454e+03,2.813298016247120805e-61
3.697597597597597542e+03,6.548403397505319594e-59
3.757557557557557629e+03,1.133695949806341834e-56
3.817517517517517717e+03,1.489952547599051313e-54
3.877477477477477350e+03,1.514597877080716418e-52
3.937437437437437438e+03,1.211542422956636953e-50
3.997397397397397526e+03,7.747477145259235845e-49
4.057357357357357159e+03,4.924290510113774504e-47
4.117317317317317247e+03,2.550608582046250428e-45
4.177277277277276880e+03,1.081228588854049130e-43
4.237237237237237423e+03,3.799623493087956250e-42
4.297197197197197056e+03,1.120106811788356080e-40
4.357157157157157599e+03,2.800462640250823243e-39
4.417117117117117232e+03,5.998614099800494353e-38
4.477077077077076865e+03,1.111212030953680517e-36
4.537037037037037408e+03,1.795744834363274485e-35
4.596996996996997041e+03,2.552106482417045450e-34
4.656956956956956674e+03,3.213771651407633409e-33
4.716916916916917216e+03,3.610940338357359571e-32
4.776876876876876850e+03,3.643609377593667590e-31
4.836836836836836483e+03,3.321801723223001891e-30
4.896796796796797025e+03,2.751646585796549674e-29
4.956756756756756658e+03,2.081957045246342239e-28
5.016716716716716292e+03,1.454874034734372833e-27
5.076676676676676834e+03,9.515890215732462827e-27
5.136636636636636467e+03,5.755278360278586602e-26
5.196596596596597010e+03,3.231970541334176359e-25
5.256556556556556643e+03,1.691727152182228482e-24
5.316516516516516276e+03,8.283762984555101939e-24
5.376476476476476819e+03,3.807452528549864728e-23
5.436436436436436452e+03,1.647917436910144935e-22
5.496396396396396085e+03,6.736451305457342699e-22
5.556356356356356628e+03,2.608220420876555035e-21
5.616316316316316261e+03,9.590137511594537883e-21
5.676276276276275894e+03,3.357030506570192926e-20
5.736236236236236437e+03,1.121386196039049339e-19
5.796196196196196070e+03,3.582494086600546633e-19
5.856156156156155703e+03,1.096862748770374041e-18
5.916116116116116245e+03,3.224858795804135130e-18
5.976076076076075879e+03,9.121538261054909300e-18
6.036036036036036421e+03,2.514258090400915153e-17
6.095995995995996054e+03,6.733453742016469834e-17
6.155955955955955687e+03,1.741672374488138061e-16
6.215915915915916230e+03,4.357810835756468061e-16
6.275875875875875863e+03,1.056283043529472871e-15
6.335835835835835496e+03,2.483734311187828337e-15
6.395795795795796039e+03,5.673015969559072477e-15
6.455755755755755672e+03,1.260225553167386405e-14
6.515715715715715305e+03,2.725971801179028896e-14
6.575675675675675848e+03,5.748047533146637214e-14
6.635635635635635481e+03,1.182790028413326685e-13
6.695595595595596023e+03,2.377510345529356304e-13
6.755555555555555657e+03,4.672850544530773414e-13
6.815515515515515290e+03,8.988406867518446487e-13
6.875475475475475832e+03,1.693566000893830585e-12
6.935435435435435465e+03,3.128232327014821352e-12
6.995395395395395099e+03,5.669111018046202429e-12
7.055355355355355641e+03,1.008730898564094265e-11
7.115315315315315274e+03,1.763559015752885462e-11
7.175275275275274907e+03,3.031477471492579881e-11
7.235235235235235450e+03,5.126842525705028166e-11
7.295195195195195083e+03,8.535825009193542622e-11
7.355155155155154716e+03,1.399900679518363360e-10
7.415115115115115259e+03,2.262818914013976178e-10
7.475075075075074892e+03,3.606922921702329191e-10
7.535035035035035435e+03,5.672592585810421508e-10
7.594994994994995068e+03,8.806377054255816162e-10
7.654954954954954701e+03,1.350167983505162749e-09
7.714914914914915244e+03,2.045258319735001926e-09
7.774874874874874877e+03,3.062421042649438346e-09
7.834834834834834510e+03,4.534365399642477763e-09
7.894794794794795052e+03,6.641618149764446149e-09
7.954754754754754686e+03,9.627216005689861250e-09
8.014714714714714319e+03,1.383837386935461562e-08
8.074674674674674861e+03,1.979759893420036396e-08
8.134634634634634494e+03,2.804949973245281407e-08
8.194594594594595037e+03,3.937015024762468494e-08
8.254554554554553761e+03,5.476166631792999553e-08
8.314514514514514303e+03,7.550687324968774185e-08
8.374474474474474846e+03,1.032342483913574081e-07
8.434434434434433570e+03,1.399944107973194001e-07
8.494394394394394112e+03,1.883494638831531320e-07
8.554354354354354655e+03,2.514765098403832240e-07
8.614314314314315197e+03,3.332866438596035388e-07
8.674274274274273921e+03,4.385606996434687736e-07
8.734234234234234464e+03,5.731029535273620595e-07
8.794194194194195006e+03,7.439139016074582659e-07
8.854154154154153730e+03,9.593831021059815910e-07
8.914114114114114273e+03,1.229502923980488659e-06
8.974074074074074815e+03,1.566103863426216244e-06
9.034034034034033539e+03,1.983111884057649942e-06
9.093993993993994081e+03,2.496828006511675786e-06
9.153953953953954624e+03,3.126230121943581281e-06
9.213913913913913348e+03,3.893296734929468595e-06
9.273873873873873890e+03,4.823352058658227400e-06
9.333833833833834433e+03,5.945431593416963413e-06
9.393793793793793157e+03,7.292667022930090123e-06
9.453753753753753699e+03,8.902688967003387932e-06
9.513713713713714242e+03,1.081804583803111158e-05
9.573673673673672965e+03,1.308663676819118440e-05
9.633633633633633508e+03,1.576215630820068238e-05
9.693593593593594051e+03,1.890454835184637964e-05
9.753553553553552774e+03,2.258046651719055746e-05
9.813513513513513317e+03,2.686373801900101806e-05
9.873473473473473859e+03,3.183582790080057083e-05
9.933433433433432583e+03,3.758630036140578676e-05
9.993393393393393126e+03,4.421327381214915417e-05
1.005335335335335367e+04,5.195153121898193405e-05
1.011331331331331421e+04,6.084571062886033312e-05
1.017327327327327293e+04,7.101594495331813245e-05
1.023323323323323348e+04,8.260717626395772486e-05
1.029319319319319402e+04,9.577584964195185705e-05
1.035315315315315274e+04,1.106903006007789139e-04
1.041311311311311329e+04,1.275311099472080584e-04
1.047307307307307383e+04,1.464914227870219758e-04
1.053303303303303255e+04,1.677772286160221125e-04
1.059299299299299309e+04,1.916075997001866964e-04
1.065295295295295364e+04,2.182148852371529172e-04
1.071291291291291236e+04,2.478448591014629230e-04
1.077287287287287290e+04,2.807568193028615639e-04
1.083283283283283345e+04,3.172236376278057476e-04
1.089279279279279217e+04,3.575317582833531711e-04
1.095275275275275271e+04,4.019811447173416113e-04
1.101271271271271326e+04,4.508851741441747109e-04
1.107267267267267198e+04,5.045704796583011173e-04
1.113263263263263252e+04,5.633767401639706764e-04
1.119259259259259306e+04,6.276564186872207263e-04
1.125255255255255179e+04,6.977744499602824306e-04
1.131251251251251233e+04,7.741078784784410395e-04
1.137247247247247287e+04,8.570454485210592327e-04
1.143243243243243160e+04,9.469871479013187337e-04
1.149239239239239214e+04,1.044343707459991291e-03
1.155235235235235268e+04,1.149536058547944752e-03
1.161231231231231141e+04,1.262994750946947560e-03
1.167227227227227195e+04,1.385159333858900768e-03
1.173223223223223249e+04,1.516477702750890048e-03
1.179219219219219303e+04,1.657405414973404413e-03
1.185215215215215176e+04,1.808404977177097703e-03
1.191211211211211230e+04,1.969945107635186210e-03
1.197207207207207284e+04,2.142499976636679480e-03
1.203203203203203157e+04,2.326548428152838601e-03
1.209199199199199211e+04,2.522573185991187471e-03
1.215195195195195265e+04,2.731060047644426163e-03
1.221191191191191137e+04,2.952497069015807499e-03
1.227187187187187192e+04,3.187373743154988791e-03
1.233183183183183246e+04,3.436180176076916552e-03
1.239179179179179118e+04,3.699406262658211722e-03
1.245175175175175173e+04,3.977540865512681385e-03
1.251171171171171227e+04,4.271070999641231845e-03
1.257167167167167099e+04,4.580481025538965870e-03
1.263163163163163154e+04,4.906251853310654269e-03
1.269159159159159208e+04,5.248860160216868576e-03
1.275155155155155080e+04,5.608777623928355716e-03
1.281151151151151134e+04,5.986470173621141581e-03
1.287147147147147189e+04,6.382397260892580700e-03
1.293143143143143061e+04,6.797011152326532836e-03
1.299139139139139115e+04,7.230756245379553124e-03
1.305135135135135170e+04,7.684068409101916033e-03
1.311131131131131042e+04,8.157374351053061842e-03
1.317127127127127096e+04,8.651091011616561521e-03
1.323123123123123150e+04,9.165624986765170262e-03
1.329119119119119205e+04,9.701371980176806339e-03
1.335115115115115077e+04,1.025871628545921808e-02
1.341111111111111131e+04,1.083803029909372051e-02
1.347107107107107186e+04,1.143967406457517544e-02
1.353103103103103058e+04,1.206399484809127058e-02
1.359099099099099112e+04,1.271132674595833525e-02
1.365095095095095166e+04,1.338199032391025438e-02
1.371091091091091039e+04,1.407629228821969357e-02
1.377087087087087093e+04,1.479452518852952987e-02
1.383083083083083147e+04,1.553696715216037333e-02
1.389079079079079020e+04,1.630388164957884828e-02
1.395075075075075074e+04,1.709551729060471148e-02
1.401071071071071128e+04,1.791210765087554446e-02
1.407067067067067001e+04,1.875387112798991562e-02
1.413063063063063055e+04,1.962101082669855806e-02
1.419059059059059109e+04,2.051371447244416946e-02
1.425055055055054981e+04,2.143215435248917861e-02
1.431051051051051036e+04,2.237648728383782523e-02
1.437047047047047090e+04,2.334685460709254659e-02
1.443043043043042962e+04,2.434338220536591546e-02
1.449039039039039017e+04,2.536618054732781707e-02
1.455035035035035071e+04,2.641534475344050129e-02
1.461031031031030943e+04,2.749095468441508511e-02
1.467027027027026998e+04,2.859307505090339513e-02
1.473023023023023052e+04,2.972175554342359333e-02
1.479019019019019106e+04,3.087703098152227293e-02
1.485015015015014978e+04,3.205892148114733442e-02
1.491011011011011033e+04,3.326743263923556682e-02
1.497007007007007087e+04,3.450255573448725993e-02
1.503003003003002959e+04,3.577398646399504445e-02
1.508998998998999014e+04,3.708236569035287811e-02
1.514994994994995068e+04,3.841813567151319830e-02
1.520990990990990940e+04,3.978123237264828693e-02
1.526986986986986994e+04,4.117157769376254134e-02
1.532982982982983049e+04,4.258907976191032146e-02
1.538978978978978921e+04,4.403363323426521397e-02
1.544974974974974975e+04,4.550511961104016651e-02
1.550970970970971030e+04,4.700340755731369224e-02
1.556966966966966902e+04,4.852835323280145496e-02
1.562962962962962956e+04,5.007980062868765125e-02
1.568958958958959010e+04,5.165758191061397414e-02
1.574954954954954883e+04,5.326151776699008383e-02
1.580950950950950937e+04,5.489141776179302934e-02
1.586946946946946991e+04,5.654708069106377522e-02
1.592942942942942864e+04,5.822829494234573605e-02
1.598938938938938918e+04,5.993483885633626995e-02
1.604934934934934972e+04,6.166648109004572303e-02
1.610930930930930845e+04,6.342298098080209612e-02
1.616926926926926899e+04,6.520408891047276001e-02
1.622922922922922953e+04,6.700954666929116732e-02
1.628918918918919007e+04,6.883908781871700411e-02
1.634914914914914880e+04,7.069243805280057968e-02
1.640910910910910752e+04,7.256931555752126062e-02
1.646906906906906806e+04,7.446943136764216931e-02
1.652902902902902861e+04,7.639248972060222465e-02
1.658898898898898915e+04,7.833818840705857045e-02
1.664894894894894969e+04,8.030621911764287968e-02
1.670890890890891023e+04,8.229626778560567013e-02
1.676886886886886714e+04,8.430801492497433380e-02
1.682882882882882768e+04,8.634113596393788725e-02
1.688878878878878822e+04,8.839530157314606784e-02
1.694874874874874877e+04,9.047017798867547367e-02
1.700870870870870931e+04,9.256542732941248908e-02
1.706866866866866985e+04,9.468070790863371278e-02
1.712862862862863039e+04,9.681567453959534497e-02
1.718858858858858730e+04,9.896997883494451642e-02
1.724854854854854784e+04,1.011432694998056908e-01
1.730850850850850838e+04,1.033351926184011976e-01
1.736846846846846893e+04,1.055453919340866298e-01
1.742842842842842947e+04,1.077735091227041836e-01
1.748838838838839001e+04,1.100191840591759201e-01
1.754834834834834692e+04,1.122820550772492126e-01
1.760830830830830746e+04,1.145617592223658748e-01
1.766826826826826800e+04,1.168579324975966283e-01
1.772822822822822855e+04,1.191702101026351490e-01
1.778818818818818909e+04,1.214982266658252291e-01
1.784814814814814963e+04,1.238416164692166116e-01
1.790810810810810653e+04,1.262000136666886485e-01
1.796806806806806708e+04,1.285730524951342879e-01
1.802802802802802762e+04,1.309603674787445937e-01
1.808798798798798816e+04,1.333615936264514190e-01
1.814794794794794871e+04,1.357763666225504928e-01
1.820790790790790925e+04,1.382043230105962639e-01
1.826786786786786615e+04,1.406451003705971869e-01
1.832782782782782670e+04,1.430983374896213911e-01
1.838778778778778724e+04,1.455636745258601372e-01
1.844774774774774778e+04,1.480407531662561449e-01
1.850770770770770832e+04,1.505292167777759205e-01
1.856766766766766887e+04,1.530287105524211488e-01
1.862762762762762941e+04,1.555388816460918089e-01
1.868758758758758631e+04,1.580593793113757861e-01
1.874754754754754686e+04,1.605898550244115874e-01
1.880750750750750740e+04,1.631299626058933250e-01
1.886746746746746794e+04,1.656793583363669331e-01
1.892742742742742848e+04,1.682377010659010796e-01
1.898738738738738903e+04,1.708046523182786269e-01
1.904734734734734593e+04,1.733798763898055373e-01
1.910730730730730647e+04,1.759630404428696171e-01
1.916726726726726702e+04,1.785538145943643962e-01
1.922722722722722756e+04,1.811518719991070947e-01
1.928718718718718810e+04,1.837568889283705820e-01
1.934714714714714864e+04,1.863685448436427083e-01
1.940710710710710555e+04,1.889865224657588105e-01
1.946706706706706609e+04,1.916105078395067551e-01
1.952702702702702663e+04,1.942401903938463237e-01
1.958698698698698718e+04,1.968752629978503810e-01
1.964694694694694772e+04,1.995154220124985001e-01
1.970690690690690826e+04,2.021603673384527455e-01
1.976686686686686517e+04,2.048098024599074585e-01
1.982682682682682571e+04,2.074634344846673639e-01
1.988678678678678625e+04,2.101209741805449283e-01
1.994674674674674679e+04,2.127821360082062796e-01
2.000670670670670734e+04,2.154492594435800379e-01
2.006666666666666788e+04,2.181404954139240793e-01
2.012662662662662842e+04,2.208346298815537512e-01
2.018658658658658533e+04,2.235313854425023672e-01
2.024654654654654587e+04,2.262304886052857178e-01
2.030650650650650641e+04,2.289316698061266697e-01
2.036646646646646695e+04,2.316346634212409494e-01
2.042642642642642750e+04,2.343392077763214731e-01
2.048638638638638804e+04,2.370450451532796765e-01
2.054634634634634494e+04,2.397519217943983316e-01
2.060630630630630549e+04,2.424595879039598834e-01
2.066626626626626603e+04,2.451677976474777587e-01
2.072622622622622657e+04,2.478763091486091696e-01
2.078618618618618711e+04,2.505848844838544087e-01
2.084614614614614766e+04,2.532932896751373120e-01
2.090610610610610456e+04,2.560012946803484901e-01
2.096606606606606510e+04,2.587086733819641271e-01
2.102602602602602565e+04,2.614152035737922763e-01
2.108598598598598619e+04,2.641206669459608136e-01
2.114594594594594673e+04,2.668248490682190166e-01
2.120590590590590728e+04,2.695275393716335954e-01
2.126586586586586418e+04,2.722285311287534482e-01
2.132582582582582472e+04,2.749276214323247425e-01
2.138578578578578527e+04,2.776246111726357602e-01
2.144574574574574581e+04,2.803193050135467934e-01
2.150570570570570635e+04,2.830115113672906912e-01
2.156566566566566689e+04,2.857010423681049516e-01
2.162562562562562744e+04,2.883877138447595301e-01
2.168558558558558434e+04,2.910713452920556943e-01
2.174554554554554488e+04,2.937517598413309505e-01
2.180550550550550543e+04,2.964287842300686315e-01
2.186546546546546597e+04,2.991022487706323507e-01
2.192542542542542651e+04,3.017719873182083123e-01
2.198538538538538705e+04,3.044378372379901165e-01
2.204534534534534396e+04,3.070996393716795558e-01
2.210530530530530450e+04,3.097572380033287165e-01
2.216526526526526504e+04,3.124104808245956599e-01
2.222522522522522559e+04,3.150592188994457699e-01
2.228518518518518613e+04,3.177033066283449503e-01
2.234514514514514667e+04,3.203426017120089564e-01
2.240510510510510358e+04,3.229769651147086917e-01
2.246506506506506412e+04,3.256062610272235092e-01
2.252502502502502466e+04,3.282303568294354656e-01
2.258498498498498520e+04,3.308491230526437454e-01
2.264494494494494575e+04,3.334624333415860398e-01
2.270490490490490629e+04,3.360701644162670254e-01
2.276486486486486319e+04,3.386721960335527526e-01
2.282482482482482374e+04,3.412684109486282535e-01
2.288478478478478428e+04,3.438586948763012185e-01
2.294474474474474482e+04,3.464429364522232935e-01
2.300470470470470536e+04,3.490210271940134001e-01
2.306466466466466591e+04,3.515928614623409776e-01
2.312462462462462281e+04,3.541583364219924035e-01
2.318458458458458335e+04,3.567173520029257028e-01
2.324454454454454390e+04,3.592698108613605612e-01
2.330450450450450444e+04,3.618156183409082516e-01
2.336446446446446498e+04,3.643546824337751122e-01
2.342442442442442552e+04,3.668869137420545101e-01
2.348438438438438607e+04,3.694122254391251081e-01
2.354434434434434297e+04,3.719305332311784729e-01
2.360430430430430351e+04,3.744417553188902348e-01
2.366426426426426406e+04,3.769458123592513421e-01
2.372422422422422460e+04,3.794426274275827238e-01
2.378418418418418514e+04,3.819321259797306967e-01
2.384414414414414568e+04,3.844142358144851390e-01
2.390410410410410259e+04,3.868888870362014454e-01
2.396406406406406313e+04,3.893560120176641770e-01
2.402402402402402367e+04,3.918155453631941842e-01
2.408398398398398422e+04,3.942674238720084157e-01
2.414394394394394476e+04,3.967115865018471799e-01
2.420390390390390530e+04,3.991479743328868457e-01
2.426386386386386221e+04,4.015765305319166645e-01
2.432382382382382275e+04,4.039972003168385561e-01
2.438378378378378329e+04,4.986357575888710272e-03
2.444374374374374383e+04,5.152869317966193331e-03
2.450370370370370438e+04,5.323430656847964564e-03
2.456366366366366492e+04,5.498095865962043111e-03
2.462362362362362182e+04,5.676918985793723109e-03
2.468358358358358237e+04,5.859953807703829377e-03
2.474354354354354291e+04,6.047253857965200451e-03
2.480350350350350345e+04,6.238872382024238973e-03
2.486346346346346400e+04,6.434862328993836908e-03
2.492342342342342454e+04,6.635276336382319416e-03
2.498338338338338508e+04,6.840166715066466931e-03
2.504334334334334199e+04,7.049585434510135910e-03
2.510330330330330253e+04,7.263584108236759845e-03
2.516326326326326307e+04,7.482213979558527753e-03
2.522322322322322361e+04,7.705525907566220488e-03
2.528318318318318416e+04,7.933570353384758120e-03
2.534314314314314470e+04,8.166397366697473320e-03
2.540310310310310160e+04,8.404056572542173420e-03
2.546306306306306215e+04,8.646597158383112838e-03
2.552302302302302269e+04,8.894067861460608002e-03
2.558298298298298323e+04,9.146516956420649644e-03
2.564294294294294377e+04,9.403992243228440767e-03
2.570290290290290432e+04,9.666541035365417908e-03
2.576286286286286122e+04,9.934210148314134153e-03
2.582282282282282176e+04,1.020704588833061185e-02
2.588278278278278231e+04,1.048509404150479302e-02
2.594274274274274285e+04,1.076839986311388386e-02
2.600270270270270339e+04,1.105700806726389422e-02
2.606266266266266393e+04,1.135096281682564101e-02
2.612262262262262084e+04,1.165030771366019728e-02
2.618258258258258138e+04,1.195508578913800392e-02
2.624254254254254192e+04,1.226533949495035684e-02
2.630250250250250247e+04,1.258111069421128519e-02
2.636246246246246301e+04,1.290244065285276083e-02
2.642242242242242355e+04,1.322937003130899951e-02
2.648238238238238409e+04,1.356193887649160754e-02
2.654234234234234100e+04,1.390018661405404213e-02
2.660230230230230154e+04,1.424415204094405668e-02
2.666226226226226208e+04,1.459387331824117673e-02
2.672222222222222263e+04,1.494938796428179999e-02
2.678218218218218317e+04,1.531073284806588539e-02
2.684214214214214371e+04,1.567794418294684439e-02
2.690210210210210062e+04,1.605105752060136115e-02
2.696206206206206116e+04,1.643010774527543447e-02
2.702202202202202170e+04,1.681512906830985934e-02
2.708198198198198224e+04,1.720615502293564025e-02
2.714194194194194279e+04,1.760321845934388618e-02
2.720190190190190333e+04,1.800635154002175331e-02
2.726186186186186023e+04,1.841558573535847024e-02
2.732182182182182078e+04,1.883095181951012151e-02
2.738178178178178132e+04,1.925247986653131141e-02
2.744174174174174186e+04,1.968019924675948676e-02
2.750170170170170240e+04,2.011413862345828515e-02
2.756166166166166295e+04,2.055432594971218913e-02
2.762162162162161985e+04,2.100078846556918330e-02
2.768158158158158039e+04,2.145355269543111967e-02
2.774154154154154094e+04,2.191264444568732581e-02
2.780150150150150148e+04,2.237808880258574523e-02
2.786146146146146202e+04,2.284991013034359114e-02
2.792142142142142256e+04,2.332813206948737908e-02
2.798138138138138311e+04,2.381277753542755671e-02
2.804134134134134001e+04,2.430386871725391529e-02
2.810130130130130055e+04,2.480142707675845812e-02
2.816126126126126110e+04,2.530547334767481796e-02
2.822122122122122164e+04,2.581602753513492429e-02
2.828118118118118218e+04,2.633310891533720624e-02
2.834114114114114273e+04,2.685673603542297963e-02
2.840110110110109963e+04,2.738692671355820799e-02
2.846106106106106017e+04,2.792369803921944046e-02
2.852102102102102072e+04,2.846706637367082265e-02
2.858098098098098126e+04,2.901704735064249141e-02
2.864094094094094180e+04,2.957365587719600411e-02
2.870090090090090234e+04,3.013690613477456454e-02
2.876086086086085925e+04,3.070681158043989459e-02
2.882082082082081979e+04,3.128338494828808436e-02
2.888078078078078033e+04,3.186663825103892844e-02
2.894074074074074088e+04,3.245658278179714556e-02
2.900070070070070142e+04,3.305322911598607832e-02
2.906066066066066196e+04,3.365658711344270831e-02
2.912062062062061887e+04,3.426666592067233869e-02
2.918058058058057941e+04,3.488347397326467536e-02
2.924054054054053995e+04,3.550701899846056553e-02
2.930050050050050049e+04,3.613730801787133629e-02
2.936046046046046104e+04,3.677434735034110919e-02
2.942042042042042158e+04,3.741814261495660793e-02
2.948038038038038212e+04,3.806869873419170547e-02
2.954034034034033903e+04,3.872601993719235886e-02
2.960030030030029957e+04,3.939010976318930990e-02
2.966026026026026011e+04,4.006097106504485222e-02
2.972022022022022065e+04,4.073860601291955097e-02
2.978018018018018120e+04,4.142301609806318258e-02
2.984014014014014174e+04,4.211420213672826401e-02
2.990010010010009864e+04,4.281216427418946258e-02
2.996006006006005919e+04,4.351690198888400612e-02
3.002002002002001973e+04,4.422851616291724464e-02
3.007997997997998027e+04,4.494713206053552873e-02
3.013993993993994081e+04,4.567251677077295569e-02
3.019989989989990136e+04,4.640466100429622293e-02
3.025985985985985826e+04,4.714355464591088452e-02
3.031981981981981880e+04,4.788918676150857867e-02
3.037977977977977935e+04,4.864154560519629716e-02
3.043973973973973989e+04,4.940061862660861253e-02
3.049969969969970043e+04,5.016639247839816546e-02
3.055965965965966097e+04,5.093885302388801578e-02
3.061961961961961788e+04,5.171798534489912419e-02
3.067957957957957842e+04,5.250377374971990085e-02
3.073953953953953896e+04,5.329620178124379326e-02
3.079949949949949951e+04,5.409525222524123877e-02
3.085945945945946005e+04,5.490090711877314289e-02
3.091941941941942059e+04,5.571314775874583458e-02
3.097937937937938113e+04,5.653195471058498900e-02
3.103933933933933804e+04,5.735730781703994585e-02
3.109929929929929858e+04,5.818918620709873091e-02
3.115925925925925912e+04,5.902756830502178115e-02
3.121921921921921967e+04,5.987243183947688757e-02
3.127917917917918021e+04,6.072375385277435644e-02
3.133913913913914075e+04,6.158151071020153550e-02
3.139909909909909766e+04,6.244567810944429836e-02
3.145905905905905820e+04,6.331623109009451578e-02
3.151901901901901874e+04,6.419314404323468726e-02
3.157897897897897928e+04,6.507639072110021905e-02
3.163893893893893983e+04,6.596594424680798929e-02
3.169889889889890037e+04,6.686177712415065921e-02
3.175885885885885727e+04,6.776386124745241435e-02
3.181881881881881782e+04,6.867216791147076616e-02
3.187877877877877836e+04,6.958666782136037343e-02
3.193873873873873890e+04,7.050733110267046189e-02
3.199869869869869945e+04,7.143412731139159311e-02
3.205865865865865999e+04,7.236702544402813519e-02
3.211861861861861689e+04,7.330599394771164512e-02
3.217857857857857744e+04,7.425100073033724657e-02
3.223853853853853798e+04,7.520201317071818770e-02
3.229849849849849852e+04,7.615899812876858466e-02
3.235845845845845906e+04,7.712192195568808029e-02
3.241841841841841961e+04,7.809075050416623698e-02
3.247837837837838015e+04,7.906544913858688794e-02
3.253833833833833705e+04,8.004598274524271639e-02
3.259829829829829760e+04,8.103231574253383362e-02
3.265825825825825814e+04,8.202441209117394827e-02
3.271821821821821868e+04,8.302223530438547494e-02
3.277817817817817559e+04,8.402574845807203596e-02
3.283813813813813613e+04,8.503491420098713283e-02
3.289809809809809667e+04,8.604969476487751845e-02
3.295805805805805721e+04,8.707005197459967427e-02
3.301801801801801776e+04,8.809594725821777439e-02
3.307797797797797830e+04,8.912734165706807932e-02
3.313793793793793884e+04,9.016419583579160513e-02
3.319789789789789938e+04,9.120647009232764335e-02
3.325785785785785993e+04,9.225412436787643056e-02
3.331781781781782047e+04,9.330711825681259342e-02
3.337777777777778101e+04,9.436541101656040209e-02
3.343773773773773428e+04,9.542896157742018770e-02
3.349769769769769482e+04,9.649772855234396707e-02
3.355765765765765536e+04,9.757167024666239807e-02
3.361761761761761591e+04,9.865074466775293482e-02
3.367757757757757645e+04,9.973490953465490028e-02
3.373753753753753699e+04,1.008241222876282428e-01
3.379749749749749753e+04,1.019183400976438197e-01
3.385745745745745808e+04,1.030175198758143812e-01
3.391741741741741862e+04,1.041216182827643527e-01
3.397737737737737916e+04,1.052305917379211392e-01
3.403733733733733970e+04,1.063443964287537624e-01
3.409729729729730025e+04,1.074629883199208630e-01
3.415725725725726079e+04,1.085863231623649255e-01
3.421721721721721406e+04,1.097143565023171591e-01
3.427717717717717460e+04,1.108470436902342510e-01
3.433713713713713514e+04,1.119843398896581271e-01
3.439709709709709568e+04,1.131262000859884070e-01
3.445705705705705623e+04,1.142725790951852338e-01
3.451701701701701677e+04,1.154234315723816767e-01
3.457697697697697731e+04,1.165787120204169330e-01
3.463693693693693785e+04,1.177383747982879286e-01
3.469689689689689840e+04,1.189023741295011788e-01
3.475685685685685894e+04,1.200706641103604366e-01
3.481681681681681948e+04,1.212431987181507298e-01
3.487677677677678003e+04,1.224199318192330660e-01
3.493673673673673329e+04,1.236008171770574121e-01
3.499669669669669383e+04,1.247858084600860090e-01
3.505665665665665438e+04,1.259748592496145736e-01
3.511661661661661492e+04,1.271679230475118993e-01
3.517657657657657546e+04,1.283649532838599117e-01
3.523653653653653600e+04,1.295659033245102620e-01
3.529649649649649655e+04,1.307707264785296364e-01
3.535645645645645709e+04,1.319793760055718856e-01
3.541641641641641763e+04,1.331918051231363864e-01
3.547637637637637818e+04,1.344079670137431903e-01
3.553633633633633872e+04,1.356278148320083921e-01
3.559629629629629926e+04,1.368513017116184394e-01
3.565625625625625980e+04,1.380783807722185397e-01
3.571621621621621307e+04,1.393090051261929030e-01
3.577617617617617361e+04,1.405431278853590538e-01
3.583613613613613416e+04,1.417807021675539791e-01
3.589609609609609470e+04,1.430216811031340962e-01
3.595605605605605524e+04,1.442660178413669725e-01
3.601601601601601578e+04,1.455136655567338122e-01
3.607597597597597633e+04,1.467645774551356586e-01
3.613593593593593687e+04,1.480187067799891287e-01
3.619589589589589741e+04,1.492760068182429345e-01
3.625585585585585795e+04,1.505364309062848793e-01
3.631581581581581850e+04,1.517999324357522384e-01
3.637577577577577904e+04,1.530664648592554855e-01
3.643573573573573231e+04,1.543359816959931907e-01
3.649569569569569285e+04,1.556084365372754352e-01
3.655565565565565339e+04,1.568837830519561605e-01
3.661561561561561393e+04,1.581619749917544393e-01
3.667557557557557448e+04,1.594429661965014733e-01
3.673553553553553502e+04,1.607267105992730705e-01
3.679549549549549556e+04,1.620131622314423536e-01
3.685545545545545610e+04,1.633022752276223899e-01
3.691541541541541665e+04,1.645940038305314657e-01
3.697537537537537719e+04,1.658883023957488934e-01
3.703533533533533773e+04,1.671851253963938244e-01
3.709529529529529827e+04,1.684844274276964537e-01
3.715525525525525882e+04,1.697861632114862074e-01
3.721521521521521208e+04,1.710902876005847284e-01
3.727517517517517263e+04,1.723967555831134313e-01
3.733513513513513317e+04,1.737055222866984161e-01
3.739509509509509371e+04,1.750165429825984997e-01
3.745505505505505425e+04,1.763297730897400439e-01
3.751501501501501480e+04,1.776451681786561099e-01
3.757497497497497534e+04,1.789626839753488130e-01
3.763493493493493588e+04,1.802822763650551718e-01
3.769489489489489642e+04,1.816039013959358517e-01
3.775485485485485697e+04,1.829275152826631834e-01
3.781481481481481751e+04,1.842530744099408202e-01
3.787477477477477805e+04,1.855805353359318566e-01
3.793473473473473132e+04,1.869098547955936052e-01
3.799469469469469186e+04,1.882409897039461488e-01
3.805465465465465240e+04,1.895738971592491884e-01
3.811461461461461295e+04,1.909085344460972888e-01
3.817457457457457349e+04,1.922448590384365219e-01
3.823453453453453403e+04,1.935828286024976475e-01
3.829449449449449457e+04,1.949224009996613216e-01
3.835445445445445512e+04,1.962635342892267987e-01
3.841441441441441566e+04,1.976061867311185993e-01
3.847437437437437620e+04,1.989503167885069701e-01
3.853433433433433675e+04,2.002958831303610632e-01
3.859429429429429729e+04,2.016428446339167124e-01
3.865425425425425783e+04,2.029911603870780124e-01
3.871421421421421110e+04,2.043407896907422361e-01
3.877417417417417164e+04,2.056916920610515620e-01
3.883413413413413218e+04,2.070438272315767714e-01
3.889409409409409272e+04,2.083971551554206214e-01
3.895405405405405327e+04,2.097516360072683161e-01
3.901401401401401381e+04,2.111072301853441635e-01
3.907397397397397435e+04,2.124638983133264325e-01
3.913393393393393490e+04,2.138216012421773060e-01
3.919389389389389544e+04,2.151803000519084963e-01
3.925385385385385598e+04,2.165399560532874634e-01
3.931381381381381652e+04,2.179005307894688881e-01
3.937377377377377707e+04,2.192619860375761287e-01
3.943373373373373033e+04,2.206242838102049353e-01
3.949369369369369088e+04,2.219873863568746220e-01
3.955365365365365142e+04,2.233512561654087680e-01
3.961361361361361196e+04,2.247158559632677355e-01
3.967357357357357250e+04,2.260811487188090219e-01
3.973353353353353305e+04,2.274470976424960156e-01
3.979349349349349359e+04,2.288136661880489642e-01
3.985345345345345413e+04,2.301808180535291626e-01
3.991341341341341467e+04,2.315485171823820354e-01
3.997337337337337522e+04,2.329167277644130785e-01
4.003333333333333576e+04,2.342849934346504515e-01
4.009329329329329630e+04,2.356533944457484542e-01
4.015325325325325684e+04,2.370222044618249257e-01
4.021321321321321011e+04,2.383913918187498537e-01
4.027317317317317065e+04,2.397609250942460135e-01
4.033313313313313120e+04,2.411307731078768390e-01
4.039309309309309174e+04,2.425009049209823908e-01
4.045305305305305228e+04,2.438712898365971715e-01
4.051301301301301282e+04,2.452418973993154006e-01
4.057297297297297337e+04,2.466126973951418277e-01
4.063293293293293391e+04,2.479836598513043555e-01
4.069289289289289445e+04,2.493547550360249165e-01
4.075285285285285499e+04,2.507259534582728100e-01
4.081281281281281554e+04,2.520972258674885058e-01
4.087277277277277608e+04,2.534685432532592930e-01
4.093273273273272935e+04,2.548398768449959828e-01
4.099269269269268989e+04,2.562111981115510195e-01
4.105265265265265043e+04,2.575824787608354538e-01
4.111261261261261097e+04,2.589536907393853449e-01
4.117257257257257152e+04,2.603248062319240552e-01
4.123253253253253206e+04,2.616957976608795811e-01
4.129249249249249260e+04,2.630666376858983857e-01
4.135245245245245314e+04,2.644372992033081071e-01
4.141241241241241369e+04,2.658077553455809316e-01
4.147237237237237423e+04,2.671779794807606634e-01
4.153233233233233477e+04,2.685479452118731403e-01
4.159229229229229531e+04,2.699176263763060080e-01
4.165225225225225586e+04,2.712869970451817214e-01
4.171221221221220912e+04,2.726560315226969067e-01
4.177217217217216967e+04,2.740247043454418496e-01
4.183213213213213021e+04,2.753929902817133235e-01
4.189209209209209075e+04,2.767608643307929994e-01
4.195205205205205129e+04,2.781283017222117016e-01
4.201201201201201184e+04,2.794952779149997846e-01
4.207197197197197238e+04,2.808617685969224120e-01
4.213193193193193292e+04,2.822277496836806399e-01
4.219189189189189347e+04,2.835931973181162191e-01
4.225185185185185401e+04,2.849580878693888653e-01
4.231181181181181455e+04,2.863223979321413704e-01
4.237177177177177509e+04,2.876861043256452866e-01
4.243173173173172836e+04,2.890491840929407252e-01
4.249169169169168890e+04,2.904116144999527305e-01
4.255165165165164944e+04,2.917733730345921650e-01
4.261161161161160999e+04,2.931344374058613700e-01
4.267157157157157053e+04,2.944947855429219663e-01
4.273153153153153107e+04,2.958543955941634329e-01
4.279149149149149162e+04,2.972132459262640802e-01
4.285145145145145216e+04,2.985713151232262663e-01
4.291141141141141270e+04,2.999285819854161650e-01
4.297137137137137324e+04,3.012850255285760559e-01
4.303133133133133379e+04,3.026406249828382800e-01
4.309129129129129433e+04,3.039953597917279260e-01
4.315125125125125487e+04,3.053492096111466436e-01
4.321121121121120814e+04,3.067021543083583990e-01
4.327117117117116868e+04,3.080541739609596319e-01
4.333113113113112922e+04,3.094052488558417524e-01
4.339109109109108977e+04,3.107553594881419801e-01
4.345105105105105031e+04,3.121044865601972917e-01
4.351101101101101085e+04,3.134526109804774974e-01
4.357097097097097139e+04,3.147997138625193703e-01
4.363093093093093194e+04,3.161457765238477879e-01
4.369089089089089248e+04,3.174907804848950410e-01
4.375085085085085302e+04,3.188347074679158122e-01
4.381081081081081356e+04,3.201775393958831151e-01
4.387077077077077411e+04,3.215192583913982771e-01
4.393073073073072737e+04,3.228598467755768864e-01
4.399069069069068792e+04,3.241992870669378468e-01
4.405065065065064846e+04,3.255375619802947651e-01
4.411061061061060900e+04,3.268746544256259101e-01
4.417057057057056954e+04,3.282105475069483358e-01
4.423053053053053009e+04,3.295452245212016074e-01
4.429049049049049063e+04,3.308786689570958894e-01
4.435045045045045117e+04,3.322108644939867905e-01
4.441041041041041171e+04,3.335417950007364962e-01
4.447037037037037226e+04,3.348714445345600810e-01
4.453033033033033280e+04,3.361997973398896944e-01
4.459029029029029334e+04,3.375268378472175423e-01
4.465025025025025388e+04,3.388525506719530789e-01
4.471021021021020715e+04,3.401769206132598256e-01
4.477017017017016769e+04,3.414999326529087331e-01
4.483013013013012824e+04,3.428215719541181650e-01
4.489009009009008878e+04,3.441418238603877744e-01
4.495005005005004932e+04,3.454606738943552524e-01
4.501001001001000986e+04,3.467781077566169934e-01
4.506996996996997041e+04,3.480941113245790697e-01
4.512992992992993095e+04,3.494086706512886109e-01
4.518988988988989149e+04,3.507217719642760079e-01
4.524984984984985203e+04,3.520334016643814068e-01
4.530980980980981258e+04,3.533435463246020203e-01
4.536976976976977312e+04,3.546521926889241172e-01
4.542972972972972639e+04,3.559593276711575105e-01
4.548968968968968693e+04,3.572649383537767620e-01
4.554964964964964747e+04,3.585690119867542824e-01
4.560960960960960801e+04,3.598715359864057550e-01
4.566956956956956856e+04,3.611724979342211816e-01
4.572952952952952910e+04,3.624718855757070313e-01
4.578948948948948964e+04,3.637696868192322186e-01
4.584944944944945019e+04,3.650658897348687537e-01
4.590940940940941073e+04,3.663604825532301712e-01
4.596936936936937127e+04,3.676534536643261131e-01
4.602932932932933181e+04,3.689447916164007024e-01
4.608928928928929236e+04,3.702344851147932880e-01
4.614924924924924562e+04,3.715225230207779838e-01
4.620920920920920616e+04,3.728088943504220265e-01
4.626916916916916671e+04,3.740935882734471862e-01
4.632912912912912725e+04,3.753765941120753014e-01
4.638908908908908779e+04,3.766579013398996811e-01
4.644904904904904834e+04,3.779374995807448512e-01
4.650900900900900888e+04,3.792153786075302402e-01
4.656896896896896942e+04,3.804915283411383631e-01
4.662892892892892996e+04,3.817659388492953831e-01
4.668888888888889051e+04,3.830386003454318011e-01
4.674884884884885105e+04,3.843095031875709000e-01
4.680880880880881159e+04,3.855786378772040890e-01
4.686876876876877213e+04,3.868459950581804030e-01
4.692872872872872540e+04,3.881115655155851218e-01
4.698868868868868594e+04,3.893753401746419263e-01
4.704864864864864649e+04,3.906373100996006764e-01
4.710860860860860703e+04,3.918974664926371809e-01
4.716856856856856757e+04,3.931558006927537985e-01
4.722852852852852811e+04,3.944123041746897540e-01
4.728848848848848866e+04,3.956669685478245713e-01
4.734844844844844920e+04,3.969197855551013787e-01
4.740840840840840974e+04,3.981707470719338948e-01
4.746836836836837028e+04,3.994198451051352849e-01
4.752832832832833083e+04,4.006670717918413005e-01
4.758828828828829137e+04,4.019124193984448534e-01
4.764824824824824464e+04,4.031558803195223750e-01
4.770820820820820518e+04,4.043974470767806029e-01
4.776816816816816572e+04,4.056371123179990934e-01
4.782812812812812626e+04,4.068748688159731230e-01
4.788808808808808681e+04,4.081107094674704672e-01
4.794804804804804735e+04,4.093446272921867912e-01
4.800800800800800789e+04,4.105766154317087024e-01
4.806796796796796843e+04,4.118066671484793551e-01
4.812792792792792898e+04,4.130347758247655543e-01
4.818788788788788952e+04,4.142609349616402370e-01
4.824784784784785006e+04,4.154851381779603448e-01
4.830780780780781060e+04,4.167073792093497486e-01
4.836776776776777115e+04,4.179276519071915552e-01
4.842772772772772441e+04,4.191459502376261304e-01
4.848768768768768496e+04,4.203622682805450150e-01
4.854764764764764550e+04,4.215766002286029934e-01
4.860760760760760604e+04,4.227889403862226114e-01
4.866756756756756658e+04,4.239992831686120733e-01
4.872752752752752713e+04,4.252076231007877460e-01
4.878748748748748767e+04,4.264139548165954419e-01
4.884744744744744821e+04,4.276182730577439695e-01
4.890740740740740875e+04,4.288205726728381295e-01
4.896736736736736930e+04,4.300208486164255328e-01
4.902732732732732984e+04,4.312190959480354246e-01
4.908728728728729038e+04,4.324153098312329413e-01
4.914724724724724365e+04,4.336094855326820818e-01
4.920720720720720419e+04,4.348016184211965229e-01
4.926716716716716473e+04,4.359917039668141370e-01
4.932712712712712528e+04,4.371797377398710105e-01
4.938708708708708582e+04,4.383657154100717990e-01
4.944704704704704636e+04,4.395496327455813423e-01
4.950700700700700691e+04,4.407314856121080648e-01
4.956696696696696745e+04,4.419112699720005311e-01
4.962692692692692799e+04,4.430889818833463889e-01
4.968688688688688853e+04,4.442646174990719232e-01
4.974684684684684908e+04,4.454381730660619265e-01
4.980680680680680962e+04,4.466096449242700772e-01
4.986676676676677016e+04,4.477790295058363679e-01
4.992672672672672343e+04,4.489463233342204096e-01
4.998668668668668397e+04,4.501115230233276865e-01
5.004664664664664451e+04,4.512749513184394212e-01
5.010660660660660506e+04,4.524363806216943895e-01
5.016656656656656560e+04,4.535957040962345643e-01
5.022652652652652614e+04,4.547529181875294979e-01
5.028648648648648668e+04,4.559080194326033397e-01
5.034644644644644723e+04,4.570610044591918442e-01
5.040640640640640777e+04,4.582118699849124233e-01
5.046636636636636831e+04,4.593606128164219871e-01
5.052632632632632885e+04,4.605072298485974880e-01
5.058628628628628940e+04,4.616517180637149109e-01
5.064624624624624266e+04,4.627940745306259873e-01
5.070620620620620321e+04,4.639342964039501194e-01
5.076616616616616375e+04,4.650723809232671369e-01
5.082612612612612429e+04,4.662083254123062792e-01
5.088608608608608483e+04,4.673421272781614344e-01
5.094604604604604538e+04,4.684737840104846729e-01
5.100600600600600592e+04,4.696032931807009314e-01
5.106596596596596646e+04,4.707306524412317450e-01
5.112592592592592700e+04,4.718558595247019372e-01
5.118588588588588755e+04,4.729789122431764525e-01
5.124584584584584809e+04,4.740998084873856433e-01
5.130580580580580863e+04,4.752185462259609361e-01
5.136576576576576917e+04,4.763351235046751619e-01
5.142572572572572244e+04,4.774495384456823865e-01
5.148568568568568298e+04,4.785617892467779466e-01
5.154564564564564353e+04,4.796718741806385577e-01
5.160560560560560407e+04,4.807797915940938416e-01
5.166556556556556461e+04,4.818855399073782020e-01
5.172552552552552515e+04,4.829891176134132880e-01
5.178548548548548570e+04,4.840905232770629785e-01
5.184544544544544624e+04,4.851897555344311108e-01
5.190540540540540678e+04,4.862868130921249032e-01
5.196536536536536732e+04,4.873816947265594557e-01
5.202532532532532787e+04,4.884743992832351056e-01
5.208528528528528841e+04,4.895649256760471468e-01
5.214524524524524168e+04,4.906532728865762305e-01
5.220520520520520222e+04,4.917394399634047453e-01
5.226516516516516276e+04,4.928234260214194307e-01
5.232512512512512330e+04,4.939052302411293671e-01
5.238508508508508385e+04,4.949848518679921261e-01
5.244504504504504439e+04,4.960622902117307609e-01
5.250500500500500493e+04,4.971375446456708369e-01
5.256496496496496547e+04,4.982106146060668594e-01
5.262492492492492602e+04,4.992814995914508502e-01
5.268488488488488656e+04,5.003501991619662137e-01
5.274484484484484710e+04,5.014167129387263611e-01
5.280480480480480765e+04,5.024810406031579024e-01
5.286476476476476819e+04,5.035431818963673756e-01
5.292472472472472145e+04,5.046031366184973166e-01
5.298468468468468200e+04,5.056609046280953201e-01
5.304464464464464254e+04,5.067164858414863193e-01
5.310460460460460308e+04,5.077698802321457539e-01
5.316456456456456363e+04,5.088210878300837292e-01
5.322452452452452417e+04,5.098701087212279548e-01
5.328448448448448471e+04,5.109169430468147866e-01
5.334444444444444525e+04,5.119615910027818240e-01
5.340440440440440580e+04,5.130040528391678345e-01
5.346436436436436634e+04,5.140443288595145654e-01
5.352432432432432688e+04,5.150824194202791029e-01
5.358428428428428742e+04,5.161183249302356835e-01
5.364424424424424069e+04,5.171520458499014872e-01
5.370420420420420123e+04,5.181835826909583220e-01
5.376416416416416178e+04,5.192129360156679807e-01
5.382412412412412232e+04,5.202401064363104677e-01
5.388408408408408286e+04,5.212650946146192288e-01
5.394404404404404340e+04,5.222879012612108296e-01
5.400400400400400395e+04,5.233085271350358392e-01
5.406396396396396449e+04,5.243269730428203879e-01
5.412392392392392503e+04,5.253432398385219360e-01
5.418388388388388557e+04,5.263573284227848204e-01
5.424384384384384612e+04,5.273692397423918043e-01
5.430380380380380666e+04,5.283789747897419398e-01
5.436376376376376720e+04,5.293865346023054475e-01
5.442372372372372047e+04,5.303919202621034668e-01
5.448368368368368101e+04,5.313951328951868058e-01
5.454364364364364155e+04,5.323961736711091408e-01
5.460360360360360210e+04,5.333950438024187557e-01
5.466356356356356264e+04,5.343917445441433989e-01
5.472352352352352318e+04,5.353862771932864639e-01
5.478348348348348372e+04,5.363786430883222822e-01
5.484344344344344427e+04,5.373688436086958564e-01
5.490340340340340481e+04,5.383568801743359167e-01
5.496336336336336535e+04,5.393427542451528778e-01
5.502332332332332589e+04,5.403264673205622204e-01
5.508328328328328644e+04,5.413080209389958819e-01
5.514324324324323970e+04,5.422874166774271920e-01
5.520320320320320025e+04,5.432646561508920335e-01
5.526316316316316079e+04,5.442397410120228818e-01
5.532312312312312133e+04,5.452126729505767377e-01
5.538308308308308187e+04,5.461834536929778272e-01
5.544304304304304242e+04,5.471520850018546378e-01
5.550300300300300296e+04,5.481185686755845055e-01
5.556296296296296350e+04,5.490829065478406434e-01
5.562292292292292404e+04,5.500451004871533822e-01
5.568288288288288459e+04,5.510051523964528686e-01
5.574284284284284513e+04,5.519630642126382991e-01
5.580280280280280567e+04,5.529188379061377168e-01
5.586276276276276622e+04,5.538724754804786876e-01
5.592272272272271948e+04,5.548239789718513171e-01
5.598268268268268002e+04,5.557733504486940257e-01
5.604264264264264057e+04,5.567205920112632267e-01
5.610260260260260111e+04,5.576657057912166593e-01
5.616256256256256165e+04,5.586086939512007188e-01
5.622252252252252219e+04,5.595495586844405622e-01
5.628248248248248274e+04,5.604883022143272164e-01
5.634244244244244328e+04,5.614249267940204513e-01
5.640240240240240382e+04,5.623594347060439924e-01
5.646236236236236437e+04,5.632918282618901706e-01
5.652232232232232491e+04,5.642221098016246827e-01
5.658228228228228545e+04,5.651502816935004558e-01
5.664224224224223872e+04,5.660763463335684031e-01
5.670220220220219926e+04,5.670003061452937310e-01
5.676216216216215980e+04,5.679221635791757983e-01
5.682212212212212035e+04,5.688419211123773023e-01
5.688208208208208089e+04,5.697595812483432498e-01
5.694204204204204143e+04,5.706751465164363601e-01
5.700200200200200197e+04,5.715886194715686930e-01
5.706196196196196252e+04,5.725000026938412701e-01
5.712192192192192306e+04,5.734092987881816983e-01
5.718188188188188360e+04,5.743165103839841246e-01
5.724184184184184414e+04,5.752216401347642893e-01
5.730180180180180469e+04,5.761246907178020349e-01
5.736176176176176523e+04,5.770256648337979133e-01
5.742172172172171850e+04,5.779245652065282401e-01
5.748168168168167904e+04,5.788213945825045892e-01
5.754164164164163958e+04,5.797161557306345081e-01
5.760160160160160012e+04,5.806088514418904500e-01
5.766156156156156067e+04,5.814994845289714887e-01
5.772152152152152121e+04,5.823880578259875707e-01
5.778148148148148175e+04,5.832745741881166790e-01
5.784144144144144229e+04,5.841590364913014088e-01
5.790140140140140284e+04,5.850414476319094614e-01
5.796136136136136338e+04,5.859218105264377696e-01
5.802132132132132392e+04,5.868001281111802081e-01
5.808128128128128446e+04,5.876764033419316080e-01
5.814124124124123773e+04,5.885506391936701220e-01
5.820120120120119827e+04,5.894228386602599068e-01
5.826116116116115882e+04,5.902930047541415925e-01
5.832112112112111936e+04,5.911611405060386293e-01
5.838108108108107990e+04,5.920272489646613012e-01
5.844104104104104044e+04,5.928913331964075217e-01
5.850100100100100099e+04,5.937533962850798375e-01
5.856096096096096153e+04,5.946134413315924405e-01
5.862092092092092207e+04,5.954714714536840647e-01
5.868088088088088261e+04,5.963274897856426504e-01
5.874084084084084316e+04,5.971814994780204611e-01
5.880080080080080370e+04,5.980335036973531970e-01
5.886076076076076424e+04,5.988835056258976497e-01
5.892072072072071751e+04,5.997315084613478176e-01
5.898068068068067805e+04,6.005775154165708951e-01
5.904064064064063859e+04,6.014215297193405974e-01
5.910060060060059914e+04,6.022635546120733707e-01
5.916056056056055968e+04,6.031035933515639380e-01
5.922052052052052022e+04,6.039416492087319455e-01
5.928048048048048076e+04,6.047777254683581738e-01
5.934044044044044131e+04,6.056118254288415104e-01
5.940040040040040185e+04,6.064439524019320515e-01
5.946036036036036239e+04,6.072741097124976228e-01
5.952032032032032294e+04,6.081023006982697598e-01
5.958028028028028348e+04,6.089285287095976829e-01
5.964024024024023674e+04,6.097527971092117083e-01
5.970020020020019729e+04,6.105751092719829964e-01
5.976016016016015783e+04,6.113954685846836323e-01
5.982012012012011837e+04,6.122138784457554772e-01
5.988008008008007891e+04,6.130303422650754674e-01
5.994004004004003946e+04,6.138448634637275747e-01
6.000000000000000000e+04,6.146574454737742110e-01
