Photon Energy [eV],[oe 1] Transmitivity
1.000000000000000000e+02,0.000000000000000000e+00
1.599599599599599742e+02,0.000000000000000000e+00
2.199199199199199199e+02,0.000000000000000000e+00
2.798798798798798657e+02,0.000000000000000000e+00
3.398398398398398399e+02,0.000000000000000000e+00
3.997997997997998141e+02,0.000000000000000000e+00
4.597597597597597314e+02,0.000000000000000000e+00
5.197197197197197056e+02,0.000000000000000000e+00
5.796796796796796798e+02,0.000000000000000000e+00
6.396396396396396540e+02,0.000000000000000000e+00
6.995995995995996282e+02,0.000000000000000000e+00
7.595595595595596023e+02,0.000000000000000000e+00
8.195195195195194628e+02,0.000000000000000000e+00
8.794794794794794370e+02,0.000000000000000000e+00
9.394394394394394112e+02,0.000000000000000000e+00
9.993993993993993854e+02,0.000000000000000000e+00
1.059359359359359360e+03,0.000000000000000000e+00
1.119319319319319220e+03,0.000000000000000000e+00
1.179279279279279308e+03,0.000000000000000000e+00
1.239239239239239168e+03,0.000000000000000000e+00
1.299199199199199256e+03,0.000000000000000000e+00
1.359159159159159117e+03,0.000000000000000000e+00
1.419119119119119205e+03,1.396693936854453506e-318
1.479079079079079065e+03,5.205348506984623528e-283
1.539039039039038926e+03,1.770513875933697930e-252
1.598998998998999014e+03,3.958290006567494277e-226
1.658958958958958874e+03,2.801088670288865192e-203
1.718918918918918962e+03,2.249159177076765505e-183
1.778878878878878822e+03,5.821100096065925112e-166
1.838838838838838910e+03,1.146358248379174259e-150
1.898798798798798771e+03,3.496496599610978366e-137
1.958758758758758859e+03,2.983512870851201322e-125
2.018718718718718719e+03,1.167531963241023289e-114
2.078678678678678807e+03,3.177683002557035672e-105
2.138638638638638440e+03,8.563186892787811419e-97
2.198598598598598528e+03,3.079447714826319067e-89
2.258558558558558616e+03,1.904204867661921945e-82
2.318518518518518704e+03,2.513389031587166340e-76
2.378478478478478337e+03,8.521826953238385885e-71
2.438438438438438425e+03,8.703170316877361622e-66
2.498398398398398513e+03,3.071588443158487595e-61
2.558358358358358146e+03,4.219512310489344503e-57
2.618318318318318234e+03,2.501920709452074217e-53
2.678278278278278322e+03,7.007023350115908901e-50
2.738238238238238409e+03,1.002907449284467893e-46
2.798198198198198043e+03,7.860698416779546450e-44
2.858158158158158130e+03,3.585249779017429049e-41
2.918118118118118218e+03,1.003919690929521743e-38
2.978078078078077851e+03,1.809519394087112229e-36
3.038038038038037939e+03,2.189552052015709331e-34
3.097997997997998027e+03,1.846054901296492661e-32
3.157957957957958115e+03,1.121046015020856302e-30
3.217917917917917748e+03,5.050617241449827654e-29
3.277877877877877836e+03,1.733400986127058180e-27
3.337837837837837924e+03,4.640686170837965149e-26
3.397797797797798012e+03,9.899998524603703518e-25
3.457757757757757645e+03,1.715412903210026101e-23
3.517717717717717733e+03,2.456238629432405941e-22
3.577677677677677821e+03,2.951880373514939203e-21
3.637637637637637454e+03,3.019693974346577818e-20
3.697597597597597542e+03,2.663150520087307674e-19
3.757557557557557629e+03,2.048401628179627902e-18
3.817517517517517717e+03,1.388607146246711022e-17
3.877477477477477350e+03,8.375974787631211757e-17
3.937437437437437438e+03,4.534829026784071009e-16
3.997397397397397526e+03,2.221276959223053094e-15
4.057357357357357159e+03,9.915554991622840567e-15
4.117317317317317247e+03,4.060458176168070966e-14
4.177277277277276880e+03,1.534665427117643354e-13
4.237237237237237423e+03,5.383339427646760696e-13
4.297197197197197056e+03,1.761611448136784184e-12
4.357157157157157599e+03,5.402943898242932899e-12
4.417117117117117232e+03,1.559882121907995910e-11
4.477077077077076865e+03,4.256232301146652916e-11
4.537037037037037408e+03,1.101610012195281901e-10
4.596996996996997041e+03,2.713774531543302347e-10
4.656956956956956674e+03,6.383011645745255665e-10
4.716916916916917216e+03,1.437620248628934819e-09
4.776876876876876850e+03,3.108829276503863656e-09
4.836836836836836483e+03,6.470918027625292196e-09
4.896796796796797025e+03,1.299437231419378402e-08
4.956756756756756658e+03,2.522885201179368269e-08
5.016716716716716292e+03,4.745246750594064123e-08
5.076676676676676834e+03,8.662536614893670221e-08
5.136636636636636467e+03,1.537473685908968991e-07
5.196596596596597010e+03,2.657333514689659494e-07
5.256556556556556643e+03,4.479323596113054737e-07
5.316516516516516276e+03,7.374209997569974403e-07
5.376476476476476819e+03,1.187199601360660672e-06
5.436436436436436452e+03,1.871408076491517187e-06
5.496396396396396085e+03,2.891656834677605285e-06
5.556356356356356628e+03,4.384536347371453529e-06
5.616316316316316261e+03,6.530327736576696239e-06
5.676276276276275894e+03,9.562887649706195870e-06
5.736236236236236437e+03,1.378062598842815532e-05
5.796196196196196070e+03,1.955843766422658475e-05
5.856156156156155703e+03,2.736039268112621452e-05
5.916116116116116245e+03,3.775293580572534397e-05
5.976076076076075879e+03,5.141830101406016218e-05
6.036036036036036421e+03,6.916734571289572626e-05
6.095995995995996054e+03,9.195313261002751085e-05
6.155955955955955687e+03,1.208829543649911136e-04
6.215915915915916230e+03,1.572285747548422233e-04
6.275875875875875863e+03,2.024357204447128347e-04
6.335835835835835496e+03,2.581314724688749357e-04
6.395795795795796039e+03,3.261295174062116059e-04
6.455755755755755672e+03,4.084330311013233778e-04
6.515715715715715305e+03,5.072350249242192416e-04
6.575675675675675848e+03,6.249160463167350524e-04
6.635635635635635481e+03,7.640391892176880617e-04
6.695595595595596023e+03,9.273424334699493328e-04
6.755555555555555657e+03,1.117728393272714432e-03
6.815515515515515290e+03,1.338251611233753436e-03
6.875475475475475832e+03,1.592103585021873704e-03
6.935435435435435465e+03,1.882595756827223649e-03
6.995395395395395099e+03,2.213140731002181689e-03
7.055355355355355641e+03,2.587232011936987063e-03
7.115315315315315274e+03,3.008422572342541162e-03
7.175275275275274907e+03,3.480302571867402179e-03
7.235235235235235450e+03,4.006476547848223518e-03
7.295195195195195083e+03,4.590540394637267901e-03
7.355155155155154716e+03,5.236058436200435179e-03
7.415115115115115259e+03,5.946540879442064470e-03
7.475075075075074892e+03,6.725421913964920763e-03
7.535035035035035435e+03,7.576038698697941734e-03
7.594994994994995068e+03,8.501611447985496853e-03
7.654954954954954701e+03,9.505224800225911194e-03
7.714914914914915244e+03,1.058981062184083215e-02
7.774874874874874877e+03,1.175813236896560386e-02
7.834834834834834510e+03,1.301277109946602159e-02
7.894794794794795052e+03,1.435611319923495166e-02
7.954754754754754686e+03,1.579033985967077253e-02
8.014714714714714319e+03,1.731743370811261035e-02
8.074674674674674861e+03,1.893917710768402984e-02
8.134634634634634494e+03,2.065704277833289165e-02
8.194594594594595037e+03,2.247231736492561957e-02
8.254554554554553761e+03,2.438605518073258885e-02
8.314514514514514303e+03,2.639907777911976866e-02
8.374474474474474846e+03,2.851197497271829376e-02
8.434434434434433570e+03,3.072510720174024754e-02
8.494394394394394112e+03,3.303860914686770900e-02
8.554354354354354655e+03,3.545239447794232279e-02
8.614314314314315197e+03,3.796616162731795974e-02
8.674274274274273921e+03,4.057940047600865074e-02
8.734234234234234464e+03,4.329139984153689003e-02
8.794194194194195006e+03,4.610125565837869255e-02
8.854154154154153730e+03,4.900787974499730415e-02
8.914114114114114273e+03,5.201000905545531683e-02
8.974074074074074815e+03,5.510621531831760150e-02
9.034034034034033539e+03,5.829491497085013268e-02
9.093993993993994081e+03,6.157437930226334483e-02
9.153953953953954624e+03,6.494274472577113433e-02
9.213913913913913348e+03,6.839802310546397313e-02
9.273873873873873890e+03,7.193811207029737753e-02
9.333833833833834433e+03,7.556080525379713086e-02
9.393793793793793157e+03,7.926380240429313495e-02
9.453753753753753699e+03,8.304471931659154760e-02
9.513713713713714242e+03,8.690109754182656632e-02
9.573673673673672965e+03,9.083041383792929413e-02
9.633633633633633508e+03,9.483008932845428396e-02
9.693593593593594051e+03,9.889749834260493089e-02
9.753553553553552774e+03,1.030299769140388816e-01
9.813513513513513317e+03,1.072248309204390515e-01
9.873473473473473859e+03,1.114793438499602912e-01
9.933433433433432583e+03,1.157907841843698743e-01
9.993393393393393126e+03,1.201564123921771282e-01
1.005335335335335367e+04,1.245733826925805171e-01
1.011331331331331421e+04,1.290390593229429061e-01
1.017327327327327293e+04,1.335507434189006082e-01
1.023323323323323348e+04,1.381057395474664107e-01
1.029319319319319402e+04,1.427013736513130238e-01
1.035315315315315274e+04,1.473349976411894302e-01
1.041311311311311329e+04,1.520039936246178891e-01
1.047307307307307383e+04,1.567057777813119779e-01
1.053303303303303255e+04,1.614378038966986506e-01
1.059299299299299309e+04,1.661975665657622059e-01
1.065295295295295364e+04,1.709826040799678759e-01
1.071291291291291236e+04,1.757905010105816346e-01
1.077287287287287290e+04,1.806188905019299185e-01
1.083283283283283345e+04,1.854654562884447688e-01
1.089279279279279217e+04,1.903279344493492842e-01
1.095275275275275271e+04,1.952041149148936172e-01
1.101271271271271326e+04,2.000918427379412834e-01
1.107267267267267198e+04,2.049890191445522258e-01
1.113263263263263252e+04,2.098936023769622239e-01
1.119259259259259306e+04,2.148036083421206166e-01
1.125255255255255179e+04,2.197171110785804682e-01
1.131251251251251233e+04,2.246322430541931869e-01
1.137247247247247287e+04,2.295471953066609005e-01
1.143243243243243160e+04,2.344602174385792548e-01
1.149239239239239214e+04,2.393696174781574926e-01
1.155235235235235268e+04,2.442737616163600523e-01
1.161231231231231141e+04,2.491710738307555961e-01
1.167227227227227195e+04,2.540600354058618615e-01
1.173223223223223249e+04,2.589391843593571996e-01
1.179219219219219303e+04,2.638071147830057250e-01
1.185215215215215176e+04,2.686624761067245570e-01
1.191211211211211230e+04,2.735039722937425699e-01
1.197207207207207284e+04,2.783303609743443263e-01
1.203203203203203157e+04,2.831404525252904647e-01
1.209199199199199211e+04,2.879331091015372990e-01
1.215195195195195265e+04,2.927072436264748223e-01
1.221191191191191137e+04,2.974618187465372654e-01
1.227187187187187192e+04,3.021958457555969368e-01
1.233183183183183246e+04,3.069083834942209488e-01
1.239179179179179118e+04,3.115985372285083876e-01
1.245175175175175173e+04,3.162654575128698853e-01
1.251171171171171227e+04,3.209083390407848624e-01
1.257167167167167099e+04,3.255264194872991568e-01
1.263163163163163154e+04,3.301189783466615402e-01
1.269159159159159208e+04,3.346853357682940677e-01
1.275155155155155080e+04,3.392248513939649657e-01
1.281151151151151134e+04,3.437369231988213203e-01
1.287147147147147189e+04,3.482209863386672710e-01
1.293143143143143061e+04,3.526765120056847835e-01
1.299139139139139115e+04,3.571030062945745320e-01
1.305135135135135170e+04,3.615000090808680455e-01
1.311131131131131042e+04,3.658670929130157234e-01
1.317127127127127096e+04,3.702038619196714175e-01
1.323123123123123150e+04,3.745099507334203048e-01
1.329119119119119205e+04,3.787850234320500609e-01
1.335115115115115077e+04,3.830287724983494346e-01
1.341111111111111131e+04,3.872409177992433560e-01
1.347107107107107186e+04,3.914212055849942695e-01
1.353103103103103058e+04,3.955694075090591677e-01
1.359099099099099112e+04,3.996853196691098620e-01
1.365095095095095166e+04,4.037687616696115644e-01
1.371091091091091039e+04,4.078195757062640370e-01
1.377087087087087093e+04,4.118376256725623241e-01
1.383083083083083147e+04,4.158227962885976958e-01
1.389079079079079020e+04,4.197749922522347465e-01
1.395075075075075074e+04,4.236941374126368953e-01
1.401071071071071128e+04,4.275801739661730383e-01
1.407067067067067001e+04,4.314330616745681302e-01
1.413063063063063055e+04,4.352527771052089323e-01
1.419059059059059109e+04,4.390393128934296230e-01
1.425055055055054981e+04,4.427926770265460665e-01
1.431051051051051036e+04,4.465128921494476710e-01
1.437047047047047090e+04,4.501999948914271465e-01
1.443043043043042962e+04,4.538540352139829870e-01
1.449039039039039017e+04,4.574750757792697131e-01
1.455035035035035071e+04,4.610631913388508196e-01
1.461031031031030943e+04,4.646184681424017082e-01
1.467027027027026998e+04,4.681410033659921255e-01
1.473023023023023052e+04,4.716309045595483695e-01
1.479019019019019106e+04,4.750882891131334440e-01
1.485015015015014978e+04,4.785132837415944640e-01
1.491011011011011033e+04,4.819060239872152152e-01
1.497007007007007087e+04,4.852666537399063507e-01
1.503003003003002959e+04,4.885953529240765758e-01
1.508998998998999014e+04,4.918922773537241500e-01
1.514994994994995068e+04,4.951575592427405192e-01
1.520990990990990940e+04,4.983913660053872485e-01
1.526986986986986994e+04,5.015938714940982868e-01
1.532982982982983049e+04,5.047652556125218348e-01
1.538978978978978921e+04,5.079057039429998310e-01
1.544974974974974975e+04,5.110154073880589509e-01
1.550970970970971030e+04,5.140945618255641225e-01
1.556966966966966902e+04,5.171433677771035686e-01
1.562962962962962956e+04,5.201620300892672022e-01
1.568958958958959010e+04,5.231507576274088134e-01
1.574954954954954883e+04,5.261097629815465471e-01
1.580950950950950937e+04,5.290392621840199761e-01
1.586946946946946991e+04,5.319394744385416152e-01
1.592942942942942864e+04,5.348106218603030371e-01
1.598938938938938918e+04,5.376529292267856475e-01
1.604934934934934972e+04,5.404666237389225136e-01
1.610930930930930845e+04,5.432519347922875053e-01
1.616926926926926899e+04,5.460090937579937798e-01
1.622922922922922953e+04,5.487383337729659916e-01
1.628918918918919007e+04,5.514398895392772504e-01
1.634914914914914880e+04,5.541139971322630586e-01
1.640910910910910752e+04,5.567608938170854893e-01
1.646906906906906806e+04,5.593808178734923642e-01
1.652902902902902861e+04,5.619740084284470250e-01
1.658898898898898915e+04,5.645407052964029893e-01
1.664894894894894969e+04,5.670811488269028589e-01
1.670890890890891023e+04,5.695955797592874292e-01
1.676886886886886714e+04,5.720842390842227898e-01
1.682882882882882768e+04,5.745473679118336952e-01
1.688878878878878822e+04,5.769852073461694264e-01
1.694874874874874877e+04,5.793979983657984167e-01
1.700870870870870931e+04,5.817859817102885023e-01
1.706866866866866985e+04,5.841493977723576370e-01
1.712862862862863039e+04,5.864884864954904575e-01
1.718858858858858730e+04,5.888034872768002082e-01
1.724854854854854784e+04,5.910946388749507285e-01
1.730850850850850838e+04,5.933621793229358898e-01
1.736846846846846893e+04,5.956063458455314041e-01
1.742842842842842947e+04,5.978273747812383743e-01
1.748838838838839001e+04,6.000255015085513843e-01
1.754834834834834692e+04,6.022009603763597285e-01
1.760830830830830746e+04,6.043539846383441105e-01
1.766826826826826800e+04,6.064848063911858489e-01
1.772822822822822855e+04,6.085936565164586920e-01
1.778818818818818909e+04,6.106807646260371536e-01
1.784814814814814963e+04,6.127463590108771507e-01
1.790810810810810653e+04,6.147906665930530368e-01
1.796806806806806708e+04,6.168139128808924898e-01
1.802802802802802762e+04,6.188163219270869098e-01
1.808798798798798816e+04,6.207981162896684113e-01
1.814794794794794871e+04,6.227595169957065302e-01
1.820790790790790925e+04,6.247007435076388226e-01
1.826786786786786615e+04,6.266220136920938044e-01
1.832782782782782670e+04,6.285235437911268486e-01
1.838778778778778724e+04,6.304055483957403672e-01
1.844774774774774778e+04,6.322682404216085628e-01
1.850770770770770832e+04,6.341118310868963936e-01
1.856766766766766887e+04,6.359365298920873766e-01
1.862762762762762941e+04,6.377425446017318533e-01
1.868758758758758631e+04,6.395300812280175773e-01
1.874754754754754686e+04,6.412993440161020020e-01
1.880750750750750740e+04,6.430505354310995791e-01
1.886746746746746794e+04,6.447838561466742169e-01
1.892742742742742848e+04,6.464995050351380890e-01
1.898738738738738903e+04,6.481976791590084996e-01
1.904734734734734593e+04,6.498785737639363180e-01
1.910730730730730647e+04,6.515423822729518033e-01
1.916726726726726702e+04,6.531892962819578763e-01
1.922722722722722756e+04,6.548195055564151046e-01
1.928718718718718810e+04,6.564331980291598923e-01
1.934714714714714864e+04,6.580305597992900379e-01
1.940710710710710555e+04,6.596117751320826894e-01
1.946706706706706609e+04,6.611770264598723079e-01
1.952702702702702663e+04,6.627264943838557798e-01
1.958698698698698718e+04,6.642603576767651674e-01
1.964694694694694772e+04,6.657787932863675762e-01
1.970690690690690826e+04,6.672819763397532800e-01
1.976686686686686517e+04,6.687700801483562607e-01
1.982682682682682571e+04,6.702432762136811828e-01
1.988678678678678625e+04,6.717017342336882857e-01
1.994674674674674679e+04,6.731456221098042203e-01
2.000670670670670734e+04,6.745750857816933399e-01
2.006666666666666788e+04,6.759901496827592782e-01
2.012662662662662842e+04,6.773911383960161681e-01
2.018658658658658533e+04,6.787782118182484892e-01
2.024654654654654587e+04,6.801515280833023702e-01
2.030650650650650641e+04,6.815112435731213170e-01
2.036646646646646695e+04,6.828575129291428736e-01
2.042642642642642750e+04,6.841904890640465586e-01
2.048638638638638804e+04,6.855103231738048919e-01
2.054634634634634494e+04,6.868171647500391774e-01
2.060630630630630549e+04,6.881111615926398528e-01
2.066626626626626603e+04,6.893924598226418565e-01
2.072622622622622657e+04,6.906612038953279242e-01
2.078618618618618711e+04,6.919175366135416061e-01
2.084614614614614766e+04,6.931615991411955724e-01
2.090610610610610456e+04,6.943935310169516706e-01
2.096606606606606510e+04,6.956134701680651844e-01
2.102602602602602565e+04,6.968215529243645401e-01
2.108598598598598619e+04,6.980179140323623521e-01
2.114594594594594673e+04,6.992026866694789344e-01
2.120590590590590728e+04,7.003760024583647326e-01
2.126586586586586418e+04,7.015379914813072437e-01
2.132582582582582472e+04,7.026887822947120998e-01
2.138578578578578527e+04,7.038285019436472112e-01
2.144574574574574581e+04,7.049572759764353158e-01
2.150570570570570635e+04,7.060752284592862749e-01
2.156566566566566689e+04,7.071824819909593440e-01
2.162562562562562744e+04,7.082791577174443187e-01
2.168558558558558434e+04,7.093653753466560019e-01
2.174554554554554488e+04,7.104412531631234540e-01
2.180550550550550543e+04,7.115069080426821291e-01
2.186546546546546597e+04,7.125624554671432520e-01
2.192542542542542651e+04,7.136080095389474298e-01
2.198538538538538705e+04,7.146436829957850678e-01
2.204534534534534396e+04,7.156695872251858104e-01
2.210530530530530450e+04,7.166858322790616853e-01
2.216526526526526504e+04,7.176925268882069497e-01
2.222522522522522559e+04,7.186897784767417585e-01
2.228518518518518613e+04,7.196776931764983232e-01
2.234514514514514667e+04,7.206563758413466747e-01
2.240510510510510358e+04,7.216259300614462635e-01
2.246506506506506412e+04,7.225864581774320561e-01
2.252502502502502466e+04,7.235380612945183643e-01
2.258498498498498520e+04,7.244808392965286226e-01
2.264494494494494575e+04,7.254148908598332390e-01
2.270490490490490629e+04,7.263403134672107297e-01
2.276486486486486319e+04,7.272572034216077119e-01
2.282482482482482374e+04,7.281656558598144091e-01
2.288478478478478428e+04,7.290657647660367946e-01
2.294474474474474482e+04,7.299576229853789178e-01
2.300470470470470536e+04,7.308413222372168727e-01
2.306466466466466591e+04,7.317169531284716255e-01
2.312462462462462281e+04,7.325846051667816994e-01
2.318458458458458335e+04,7.334443667735628392e-01
2.324454454454454390e+04,7.342963252969637589e-01
2.330450450450450444e+04,7.351405670247089796e-01
2.336446446446446498e+04,7.359771771968336429e-01
2.342442442442442552e+04,7.368062400183033045e-01
2.348438438438438607e+04,7.376278386715225954e-01
2.354434434434434297e+04,7.384420553287264211e-01
2.360430430430430351e+04,7.392489711642592498e-01
2.366426426426426406e+04,7.400486663667350529e-01
2.372422422422422460e+04,7.408412201510837791e-01
2.378418418418418514e+04,7.416267107704772599e-01
2.384414414414414568e+04,7.424052155281410936e-01
2.390410410410410259e+04,7.431768107890454056e-01
2.396406406406406313e+04,7.439415719914781455e-01
2.402402402402402367e+04,7.446995736585014791e-01
2.408398398398398422e+04,7.454508894092868321e-01
2.414394394394394476e+04,7.461955919703326945e-01
2.420390390390390530e+04,7.469337531865667401e-01
2.426386386386386221e+04,7.476654440323222683e-01
2.432382382382382275e+04,7.483907346222052892e-01
2.438378378378378329e+04,7.491096942218337107e-01
2.444374374374374383e+04,7.498223912584686124e-01
2.450370370370370438e+04,7.505288933315203970e-01
2.456366366366366492e+04,7.512292672229410329e-01
2.462362362362362182e+04,7.519235789074996124e-01
2.468358358358358237e+04,7.526118935629417805e-01
2.474354354354354291e+04,7.532942755800313694e-01
2.480350350350350345e+04,7.539707885724800107e-01
2.486346346346346400e+04,7.546414953867596198e-01
2.492342342342342454e+04,7.553064581118011933e-01
2.498338338338338508e+04,7.559657380885831390e-01
2.504334334334334199e+04,7.566193959196023666e-01
2.510330330330330253e+04,7.572674914782374644e-01
2.516326326326326307e+04,7.579100839179988558e-01
2.522322322322322361e+04,7.585472316816684879e-01
2.528318318318318416e+04,7.591789925103302750e-01
2.534314314314314470e+04,7.598054234522917394e-01
2.540310310310310160e+04,7.604265808718974062e-01
2.546306306306306215e+04,7.610425204582362824e-01
2.552302302302302269e+04,7.616532972337409779e-01
2.558298298298298323e+04,7.622589655626826888e-01
2.564294294294294377e+04,7.628595791595615960e-01
2.570290290290290432e+04,7.634551910973933486e-01
2.576286286286286122e+04,7.640458538158926283e-01
2.582282282282282176e+04,7.646316191295574605e-01
2.588278278278278231e+04,7.652125382356463890e-01
2.594274274274274285e+04,7.657886617220645009e-01
2.600270270270270339e+04,7.663600395751419825e-01
2.606266266266266393e+04,7.669267211873215251e-01
2.612262262262262084e+04,7.674887553647442573e-01
2.618258258258258138e+04,7.680461903347406416e-01
2.624254254254254192e+04,7.685990737532277794e-01
2.630250250250250247e+04,7.691474527120109039e-01
2.636246246246246301e+04,7.696913737459931681e-01
2.642242242242242355e+04,7.702308828402906205e-01
2.648238238238238409e+04,7.707660254372591391e-01
2.654234234234234100e+04,7.712968464434291072e-01
2.660230230230230154e+04,7.718233902363528243e-01
2.666226226226226208e+04,7.723457006713595474e-01
2.672222222222222263e+04,7.728638210882285975e-01
2.678218218218218317e+04,7.733777943177712055e-01
2.684214214214214371e+04,7.738876626883310905e-01
2.690210210210210062e+04,7.743934680321977737e-01
2.696206206206206116e+04,7.748952516919367373e-01
2.702202202202202170e+04,7.753930545266398688e-01
2.708198198198198224e+04,7.758869169180899750e-01
2.714194194194194279e+04,7.763768787768491331e-01
2.720190190190190333e+04,7.768629795482631106e-01
2.726186186186186023e+04,7.773452582183917325e-01
2.732182182182182078e+04,7.778237533198563147e-01
2.738178178178178132e+04,7.782985029376159325e-01
2.744174174174174186e+04,7.787695447146625316e-01
2.750170170170170240e+04,7.792369158576445409e-01
2.756166166166166295e+04,7.797006531424154341e-01
2.762162162162161985e+04,7.801607929195083502e-01
2.768158158158158039e+04,7.806173711195387721e-01
2.774154154154154094e+04,7.810704232585379270e-01
2.780150150150150148e+04,7.815199844432119125e-01
2.786146146146146202e+04,7.819660893761346543e-01
2.792142142142142256e+04,7.824087723608693645e-01
2.798138138138138311e+04,7.828480673070257190e-01
2.804134134134134001e+04,7.832840077352450914e-01
2.810130130130130055e+04,7.837166267821242815e-01
2.816126126126126110e+04,7.841459572050716309e-01
2.822122122122122164e+04,7.845720313870981899e-01
2.828118118118118218e+04,7.849948813415477122e-01
2.834114114114114273e+04,7.854145387167604797e-01
2.840110110110109963e+04,7.858310348006768420e-01
2.846106106106106017e+04,7.862444005253821366e-01
2.852102102102102072e+04,7.866546664715845516e-01
2.858098098098098126e+04,7.870618628730401412e-01
2.864094094094094180e+04,7.874660196209161134e-01
2.870090090090090234e+04,7.878671662680941656e-01
2.876086086086085925e+04,7.882653320334197522e-01
2.882082082082081979e+04,7.886605458058942864e-01
2.888078078078078033e+04,7.890528361488089448e-01
2.894074074074074088e+04,7.894422313038255146e-01
2.900070070070070142e+04,7.898287591950029496e-01
2.906066066066066196e+04,7.902124474327706372e-01
2.912062062062061887e+04,7.905933233178457087e-01
2.918058058058057941e+04,7.909714138451018339e-01
2.924054054054053995e+04,7.913467457073846134e-01
2.930050050050050049e+04,7.917193452992770109e-01
2.936046046046046104e+04,7.920892387208132712e-01
2.942042042042042158e+04,7.924564517811447661e-01
2.948038038038038212e+04,7.928210100021559903e-01
2.954034034034033903e+04,7.931829386220338174e-01
2.960030030030029957e+04,7.935422625987871292e-01
2.966026026026026011e+04,7.938990066137218138e-01
2.972022022022022065e+04,7.942531950748678016e-01
2.978018018018018120e+04,7.946048521203608050e-01
2.984014014014014174e+04,7.949540016217814253e-01
2.990010010010009864e+04,7.953006671874450761e-01
2.996006006006005919e+04,7.956448721656521617e-01
3.002002002002001973e+04,7.959866858256867683e-01
3.007997997997998027e+04,7.963261863330908241e-01
3.013993993993994081e+04,7.966632929888947112e-01
3.019989989989990136e+04,7.969980281580503201e-01
3.025985985985985826e+04,7.973304139605584817e-01
3.031981981981981880e+04,7.976604722744681242e-01
3.037977977977977935e+04,7.979882247388362382e-01
3.043973973973973989e+04,7.983136927566475416e-01
3.049969969969970043e+04,7.986368974976977286e-01
3.055965965965966097e+04,7.989578599014366400e-01
3.061961961961961788e+04,7.992766006797769052e-01
3.067957957957957842e+04,7.995931403198619503e-01
3.073953953953953896e+04,7.999074990868011437e-01
3.079949949949949951e+04,8.002196970263670828e-01
3.085945945945946005e+04,8.005297539676571317e-01
3.091941941941942059e+04,8.008376895257227623e-01
3.097937937937938113e+04,8.011435231041604821e-01
3.103933933933933804e+04,8.014472738976724520e-01
3.109929929929929858e+04,8.017489608945902457e-01
3.115925925925925912e+04,8.020486028793690769e-01
3.121921921921921967e+04,8.023462184350467208e-01
3.127917917917918021e+04,8.026418259456704618e-01
3.133913913913914075e+04,8.029354435986939542e-01
3.139909909909909766e+04,8.032270893873417750e-01
3.145905905905905820e+04,8.035167811129425575e-01
3.151901901901901874e+04,8.038045363872321492e-01
3.157897897897897928e+04,8.040903726346277924e-01
3.163893893893893983e+04,8.043743070944703311e-01
3.169889889889890037e+04,8.046563568232392161e-01
3.175885885885885727e+04,8.049365386967389790e-01
3.181881881881881782e+04,8.052148694122536199e-01
3.187877877877877836e+04,8.054913654906786791e-01
3.193873873873873890e+04,8.057660432786201143e-01
3.199869869869869945e+04,8.060389189504706398e-01
3.205865865865865999e+04,8.063100085104544235e-01
3.211861861861861689e+04,8.065793277946491369e-01
3.217857857857857744e+04,8.068468924729806924e-01
3.223853853853853798e+04,8.071127180511902255e-01
3.229849849849849852e+04,8.073768198727793166e-01
3.235845845845845906e+04,8.076392131209257919e-01
3.241841841841841961e+04,8.078999128203779856e-01
3.247837837837838015e+04,8.081589338393236899e-01
3.253833833833833705e+04,8.084162908912345680e-01
3.259829829829829760e+04,8.086719985366865870e-01
3.265825825825825814e+04,8.089260711851571362e-01
3.271821821821821868e+04,8.091785230968010501e-01
3.277817817817817559e+04,8.094293683841993214e-01
3.283813813813813613e+04,8.096786210140900497e-01
3.289809809809809667e+04,8.099262948090749648e-01
3.295805805805805721e+04,8.101724034493025250e-01
3.301801801801801776e+04,8.104169604741328081e-01
3.307797797797797830e+04,8.106599792837793084e-01
3.313793793793793884e+04,8.109014731409285304e-01
3.319789789789789938e+04,8.111414551723410415e-01
3.325785785785785993e+04,8.113799383704313195e-01
3.331781781781782047e+04,8.116169355948262831e-01
3.337777777777778101e+04,8.118524595739056160e-01
3.343773773773773428e+04,8.120865229063218838e-01
3.349769769769769482e+04,8.123191380625003344e-01
3.355765765765765536e+04,8.125503173861211570e-01
3.361761761761761591e+04,8.127800730955816455e-01
3.367757757757757645e+04,8.130084172854403768e-01
3.373753753753753699e+04,8.132353619278434032e-01
3.379749749749749753e+04,8.134609188739312380e-01
3.385745745745745808e+04,8.136850998552289660e-01
3.391741741741741862e+04,8.139079164850189230e-01
3.397737737737737916e+04,8.141293802596943907e-01
3.403733733733733970e+04,8.143495025600989701e-01
3.409729729729730025e+04,8.145682946528459700e-01
3.415725725725726079e+04,8.147857676916239189e-01
3.421721721721721406e+04,8.150019327184830908e-01
3.427717717717717460e+04,8.152168006651078214e-01
3.433713713713713514e+04,8.154303823540721696e-01
3.439709709709709568e+04,8.156426885000789273e-01
3.445705705705705623e+04,8.158537297111851938e-01
3.451701701701701677e+04,8.160635164900097438e-01
3.457697697697697731e+04,8.162720592349277382e-01
3.463693693693693785e+04,8.164793682412496700e-01
3.469689689689689840e+04,8.166854537023841010e-01
3.475685685685685894e+04,8.168903257109885185e-01
3.481681681681681948e+04,8.170939942601045392e-01
3.487677677677678003e+04,8.172964692442776791e-01
3.493673673673673329e+04,8.174977604606652459e-01
3.499669669669669383e+04,8.176978776101299085e-01
3.505665665665665438e+04,8.178968302983185001e-01
3.511661661661661492e+04,8.180946280367290546e-01
3.517657657657657546e+04,8.182912802437630750e-01
3.523653653653653600e+04,8.184867962457668122e-01
3.529649649649649655e+04,8.186811852780564447e-01
3.535645645645645709e+04,8.188744564859343766e-01
3.541641641641641763e+04,8.190666189256898821e-01
3.547637637637637818e+04,8.192576815655890909e-01
3.553633633633633872e+04,8.194476532868526508e-01
3.559629629629629926e+04,8.196365428846197343e-01
3.565625625625625980e+04,8.198243590689029414e-01
3.571621621621621307e+04,8.200111104655286587e-01
3.577617617617617361e+04,8.201968056170682031e-01
3.583613613613613416e+04,8.203814529837556435e-01
3.589609609609609470e+04,8.205650609443960741e-01
3.595605605605605524e+04,8.207476377972610093e-01
3.601601601601601578e+04,8.209291917609742306e-01
3.607597597597597633e+04,8.211097309753868645e-01
3.613593593593593687e+04,8.212892635024398036e-01
3.619589589589589741e+04,8.214677973270183564e-01
3.625585585585585795e+04,8.216453403577949066e-01
3.631581581581581850e+04,8.218219004280608031e-01
3.637577577577577904e+04,8.219974852965498124e-01
3.643573573573573231e+04,8.221721026482505801e-01
3.649569569569569285e+04,8.223457600952087665e-01
3.655565565565565339e+04,8.225184651773210787e-01
3.661561561561561393e+04,8.226902253631172002e-01
3.667557557557557448e+04,8.228610480505350600e-01
3.673553553553553502e+04,8.230309405676845547e-01
3.679549549549549556e+04,8.231999101736038327e-01
3.685545545545545610e+04,8.233679640590042537e-01
3.691541541541541665e+04,8.235351093470089090e-01
3.697537537537537719e+04,8.237013530938801509e-01
3.703533533533533773e+04,8.238667022897396830e-01
3.709529529529529827e+04,8.240311638592796584e-01
3.715525525525525882e+04,8.241947446624646734e-01
3.721521521521521208e+04,8.243574514952264343e-01
3.727517517517517263e+04,8.245192910901493200e-01
3.733513513513513317e+04,8.246802701171481731e-01
3.739509509509509371e+04,8.248403951841369874e-01
3.745505505505505425e+04,8.249996728376919330e-01
3.751501501501501480e+04,8.251581095637035013e-01
3.757497497497497534e+04,8.253157117880233207e-01
3.763493493493493588e+04,8.254724858771019802e-01
3.769489489489489642e+04,8.256284381386200799e-01
3.775485485485485697e+04,8.257835748221106220e-01
3.781481481481481751e+04,8.259379021195756287e-01
3.787477477477477805e+04,8.260914261660942115e-01
3.793473473473473132e+04,8.262441530404239787e-01
3.799469469469469186e+04,8.263960887655950049e-01
3.805465465465465240e+04,8.265472393094973613e-01
3.811461461461461295e+04,8.266976105854615398e-01
3.817457457457457349e+04,8.268472084528315502e-01
3.823453453453453403e+04,8.269960387175312455e-01
3.829449449449449457e+04,8.271441071326259831e-01
3.835445445445445512e+04,8.272914193988741838e-01
3.841441441441441566e+04,8.274379811652758931e-01
3.847437437437437620e+04,8.275837980296122387e-01
3.853433433433433675e+04,8.277288755389806685e-01
3.859429429429429729e+04,8.278732191903226401e-01
3.865425425425425783e+04,8.280168344309455364e-01
3.871421421421421110e+04,8.281597266590382533e-01
3.877417417417417164e+04,8.283019012241817913e-01
3.883413413413413218e+04,8.284433634278525194e-01
3.889409409409409272e+04,8.285841185239204432e-01
3.895405405405405327e+04,8.287241717191415891e-01
3.901401401401401381e+04,8.288635281736442817e-01
3.907397397397397435e+04,8.290021930014105367e-01
3.913393393393393490e+04,8.291401712707514582e-01
3.919389389389389544e+04,8.292774680047768632e-01
3.925385385385385598e+04,8.294140881818601319e-01
3.931381381381381652e+04,8.295500367360965077e-01
3.937377377377377707e+04,8.296853185577584000e-01
3.943373373373373033e+04,8.298199384937429146e-01
3.949369369369369088e+04,8.299539013480161653e-01
3.955365365365365142e+04,8.300872118820508128e-01
3.961361361361361196e+04,8.302198748152602725e-01
3.967357357357357250e+04,8.303518948254267062e-01
3.973353353353353305e+04,8.304832765491247937e-01
3.979349349349349359e+04,8.306140245821407309e-01
3.985345345345345413e+04,8.307441434798854552e-01
3.991341341341341467e+04,8.308736377578045396e-01
3.997337337337337522e+04,8.310025118917827580e-01
4.003333333333333576e+04,8.311307258458834335e-01
4.009329329329329630e+04,8.312582967117307930e-01
4.015325325325325684e+04,8.313852613659884483e-01
4.021321321321321011e+04,8.315116241854089152e-01
4.027317317317317065e+04,8.316373895084775425e-01
4.033313313313313120e+04,8.317625616358000906e-01
4.039309309309309174e+04,8.318871448304835381e-01
4.045305305305305228e+04,8.320111433185138905e-01
4.051301301301301282e+04,8.321345612891284382e-01
4.057297297297297337e+04,8.322574028951854608e-01
4.063293293293293391e+04,8.323796722535291570e-01
4.069289289289289445e+04,8.325013734453489134e-01
4.075285285285285499e+04,8.326225105165371287e-01
4.081281281281281554e+04,8.327430874780412662e-01
4.087277277277277608e+04,8.328631083062117968e-01
4.093273273273272935e+04,8.329825769431482563e-01
4.099269269269268989e+04,8.331014972970384180e-01
4.105265265265265043e+04,8.332198732424964671e-01
4.111261261261261097e+04,8.333377086208955120e-01
4.117257257257257152e+04,8.334550072406969878e-01
4.123253253253253206e+04,8.335717728777769508e-01
4.129249249249249260e+04,8.336880092757481542e-01
4.135245245245245314e+04,8.338037201462780157e-01
4.141241241241241369e+04,8.339189091694040323e-01
4.147237237237237423e+04,8.340335799938454198e-01
4.153233233233233477e+04,8.341477362373111992e-01
4.159229229229229531e+04,8.342613814868040656e-01
4.165225225225225586e+04,8.343745192989232562e-01
4.171221221221220912e+04,8.344871532001607584e-01
4.177217217217216967e+04,8.345992866871968507e-01
4.183213213213213021e+04,8.347109232271914259e-01
4.189209209209209075e+04,8.348220662580725371e-01
4.195205205205205129e+04,8.349327191888203936e-01
4.201201201201201184e+04,8.350428853997500234e-01
4.207197197197197238e+04,8.351525682427903829e-01
4.213193193193193292e+04,8.352617710417590269e-01
4.219189189189189347e+04,8.353704970926357776e-01
4.225185185185185401e+04,8.354787496638317323e-01
4.231181181181181455e+04,8.355865319964571603e-01
4.237177177177177509e+04,8.356938473045835147e-01
4.243173173173172836e+04,8.358006987755066675e-01
4.249169169169168890e+04,8.359070895700033699e-01
4.255165165165164944e+04,8.360130228225870486e-01
4.261161161161160999e+04,8.361185016417608251e-01
4.267157157157157053e+04,8.362235291102668722e-01
4.273153153153153107e+04,8.363281082853337711e-01
4.279149149149149162e+04,8.364322421989205392e-01
4.285145145145145216e+04,8.365359338579593240e-01
4.291141141141141270e+04,8.366391862445937688e-01
4.297137137137137324e+04,8.367420023164157117e-01
4.303133133133133379e+04,8.368443850066998868e-01
4.309129129129129433e+04,8.369463372246346289e-01
4.315125125125125487e+04,8.370478618555515782e-01
4.321121121121120814e+04,8.371489617611519440e-01
4.327117117117116868e+04,8.372496397797306589e-01
4.333113113113112922e+04,8.373498987263985338e-01
4.339109109109108977e+04,8.374497413933011947e-01
4.345105105105105031e+04,8.375491705498360195e-01
4.351101101101101085e+04,8.376481889428678551e-01
4.357097097097097139e+04,8.377467992969401811e-01
4.363093093093093194e+04,8.378450043144860526e-01
4.369089089089089248e+04,8.379428066760358229e-01
4.375085085085085302e+04,8.380402090404232007e-01
4.381081081081081356e+04,8.381372140449880881e-01
4.387077077077077411e+04,8.382338243057787519e-01
4.393073073073072737e+04,8.383300424177507759e-01
4.399069069069068792e+04,8.384258709549637922e-01
4.405065065065064846e+04,8.385213124707775467e-01
4.411061061061060900e+04,8.386163694980439676e-01
4.417057057057056954e+04,8.387110445492983457e-01
4.423053053053053009e+04,8.388053401169491829e-01
4.429049049049049063e+04,8.388992586734638213e-01
4.435045045045045117e+04,8.389928026715540721e-01
4.441041041041041171e+04,8.390859745443599582e-01
4.447037037037037226e+04,8.391787767056296810e-01
4.453033033033033280e+04,8.392712115498998093e-01
4.459029029029029334e+04,8.393632814526721386e-01
4.465025025025025388e+04,8.394549887705896607e-01
4.471021021021020715e+04,8.395463358416096478e-01
4.477017017017016769e+04,8.396373249851765141e-01
4.483013013013012824e+04,8.397279585023909032e-01
4.489009009009008878e+04,8.398182386761786633e-01
4.495005005005004932e+04,8.399081677714574923e-01
4.501001001001000986e+04,8.399977480353013615e-01
4.506996996996997041e+04,8.400869816971039405e-01
4.512992992992993095e+04,8.401758709687400239e-01
4.518988988988989149e+04,8.402644180447258471e-01
4.524984984984985203e+04,8.403526251023760718e-01
4.530980980980981258e+04,8.404404943019614382e-01
4.536976976976977312e+04,8.405280277868633076e-01
4.542972972972972639e+04,8.406152276837267623e-01
4.548968968968968693e+04,8.407020961026127059e-01
4.554964964964964747e+04,8.407886351371477440e-01
4.560960960960960801e+04,8.408748468646730645e-01
4.566956956956956856e+04,8.409607333463916534e-01
4.572952952952952910e+04,8.410462966275132901e-01
4.578948948948948964e+04,8.411315387373997643e-01
4.584944944944945019e+04,8.412164616897065406e-01
4.590940940940941073e+04,8.413010674825246449e-01
4.596936936936937127e+04,8.413853580985197755e-01
4.602932932932933181e+04,8.414693355050714141e-01
4.608928928928929236e+04,8.415530016544094938e-01
4.614924924924924562e+04,8.416363584837496248e-01
4.620920920920920616e+04,8.417194079154275421e-01
4.626916916916916671e+04,8.418021518570323325e-01
4.632912912912912725e+04,8.418845922015372185e-01
4.638908908908908779e+04,8.419667308274302320e-01
4.644904904904904834e+04,8.420485695988426667e-01
4.650900900900900888e+04,8.421301103656771980e-01
4.656896896896896942e+04,8.422113549637331165e-01
4.662892892892892996e+04,8.422923052148330036e-01
4.668888888888889051e+04,8.423729629269446351e-01
4.674884884884885105e+04,8.424533298943047699e-01
4.680880880880881159e+04,8.425334078975398322e-01
4.686876876876877213e+04,8.426131987037861482e-01
4.692872872872872540e+04,8.426927040668090729e-01
4.698868868868868594e+04,8.427719257271197861e-01
4.704864864864864649e+04,8.428508654120929755e-01
4.710860860860860703e+04,8.429295248360814119e-01
4.716856856856856757e+04,8.430079057005301912e-01
4.722852852852852811e+04,8.430860096940901993e-01
4.728848848848848866e+04,8.431638384927295782e-01
4.734844844844844920e+04,8.432413937598447484e-01
4.740840840840840974e+04,8.433186771463705433e-01
4.746836836836837028e+04,8.433956902908879005e-01
4.752832832832833083e+04,8.434724348197324417e-01
4.758828828828829137e+04,8.435489123471004991e-01
4.764824824824824464e+04,8.436251244751543643e-01
4.770820820820820518e+04,8.437010727941273158e-01
4.776816816816816572e+04,8.437767588824264253e-01
4.782812812812812626e+04,8.438521843067352535e-01
4.788808808808808681e+04,8.439273506221153243e-01
4.794804804804804735e+04,8.440022593721059341e-01
4.800800800800800789e+04,8.440769120888244048e-01
4.806796796796796843e+04,8.441513102930638945e-01
4.812792792792792898e+04,8.442254554943908751e-01
4.818788788788788952e+04,8.442993491912418325e-01
4.824784784784785006e+04,8.443729928710190791e-01
4.830780780780781060e+04,8.444463880101847897e-01
4.836776776776777115e+04,8.445195360743551483e-01
4.842772772772772441e+04,8.445924385183931626e-01
4.848768768768768496e+04,8.446650967865004800e-01
4.854764764764764550e+04,8.447375123123079810e-01
4.860760760760760604e+04,8.448096865189670401e-01
4.866756756756756658e+04,8.448816208192373445e-01
4.872752752752752713e+04,8.449533166155767105e-01
4.878748748748748767e+04,8.450247753002274598e-01
4.884744744744744821e+04,8.450959982553039040e-01
4.890740740740740875e+04,8.451669868528777219e-01
4.896736736736736930e+04,8.452377424550634455e-01
4.902732732732732984e+04,8.453082664141022828e-01
4.908728728728729038e+04,8.453785600724457172e-01
4.914724724724724365e+04,8.454486247628383300e-01
4.920720720720720419e+04,8.455184618083991799e-01
4.926716716716716473e+04,8.455880725227030714e-01
4.932712712712712528e+04,8.456574582098612680e-01
4.938708708708708582e+04,8.457266201646000958e-01
4.944704704704704636e+04,8.457955596723404357e-01
4.950700700700700691e+04,8.458642780092751057e-01
4.956696696696696745e+04,8.459327764424471319e-01
4.962692692692692799e+04,8.460010562298251324e-01
4.968688688688688853e+04,8.460691186203792569e-01
4.974684684684684908e+04,8.461369648541574584e-01
4.980680680680680962e+04,8.462045961623583246e-01
4.986676676676677016e+04,8.462720137674056842e-01
4.992672672672672343e+04,8.463392188830212159e-01
4.998668668668668397e+04,8.464062127142968350e-01
5.004664664664664451e+04,8.464730165966271036e-01
5.010660660660660506e+04,8.465396177758733876e-01
5.016656656656656560e+04,8.466060110146207407e-01
5.022652652652652614e+04,8.466721974524549221e-01
5.028648648648648668e+04,8.467381782209674190e-01
5.034644644644644723e+04,8.468039544438215049e-01
5.040640640640640777e+04,8.468695272368169658e-01
5.046636636636636831e+04,8.469348977079547147e-01
5.052632632632632885e+04,8.470000669575007413e-01
5.058628628628628940e+04,8.470650360780497268e-01
5.064624624624624266e+04,8.471298061545872171e-01
5.070620620620620321e+04,8.471943782645522392e-01
5.076616616616616375e+04,8.472587534778986962e-01
5.082612612612612429e+04,8.473229328571562080e-01
5.088608608608608483e+04,8.473869174574909513e-01
5.094604604604604538e+04,8.474507083267653895e-01
5.100600600600600592e+04,8.475143065055972258e-01
5.106596596596596646e+04,8.475777130274190219e-01
5.112592592592592700e+04,8.476409289185353746e-01
5.118588588588588755e+04,8.477039551981816468e-01
5.124584584584584809e+04,8.477667928785804774e-01
5.130580580580580863e+04,8.478294429649986252e-01
5.136576576576576917e+04,8.478919064558034790e-01
5.142572572572572244e+04,8.479541843425175696e-01
5.148568568568568298e+04,8.480162776098754129e-01
5.154564564564564353e+04,8.480781872358762463e-01
5.160560560560560407e+04,8.481399141918397611e-01
5.166556556556556461e+04,8.482014594424583942e-01
5.172552552552552515e+04,8.482628239458516184e-01
5.178548548548548570e+04,8.483240086536173452e-01
5.184544544544544624e+04,8.483850145108856600e-01
5.190540540540540678e+04,8.484458424563686707e-01
5.196536536536536732e+04,8.485064934224133548e-01
5.202532532532532787e+04,8.485669683350512971e-01
5.208528528528528841e+04,8.486272681140496488e-01
5.214524524524524168e+04,8.486873936729600887e-01
5.220520520520520222e+04,8.487473459191694491e-01
5.226516516516516276e+04,8.488071257539475667e-01
5.232512512512512330e+04,8.488667340724961319e-01
5.238508508508508385e+04,8.489261717639972060e-01
5.244504504504504439e+04,8.489854397116600726e-01
5.250500500500500493e+04,8.490445387927694210e-01
5.256496496496496547e+04,8.491034698787308654e-01
5.262492492492492602e+04,8.491622338351185739e-01
5.268488488488488656e+04,8.492208315217203429e-01
5.274484484484484710e+04,8.492792637925835608e-01
5.280480480480480765e+04,8.493375314960601719e-01
5.286476476476476819e+04,8.493956354748514181e-01
5.292472472472472145e+04,8.494535765660522486e-01
5.298468468468468200e+04,8.495113556011951728e-01
5.304464464464464254e+04,8.495689734062938925e-01
5.310460460460460308e+04,8.496264308018863787e-01
5.316456456456456363e+04,8.496837286030773928e-01
5.322452452452452417e+04,8.497408676195813415e-01
5.328448448448448471e+04,8.497978486557642430e-01
5.334444444444444525e+04,8.498546725106849165e-01
5.340440440440440580e+04,8.499113399781366152e-01
5.346436436436436634e+04,8.499678518466878829e-01
5.352432432432432688e+04,8.500242088997232992e-01
5.358428428428428742e+04,8.500804119154830030e-01
5.364424424424424069e+04,8.501364616671033270e-01
5.370420420420420123e+04,8.501923589226557665e-01
5.376416416416416178e+04,8.502481044451862813e-01
5.382412412412412232e+04,8.503036989927540423e-01
5.388408408408408286e+04,8.503591433184700676e-01
5.394404404404404340e+04,8.504144381705351918e-01
5.400400400400400395e+04,8.504695842922775917e-01
5.406396396396396449e+04,8.505245824221906448e-01
5.412392392392392503e+04,8.505794332939698998e-01
5.418388388388388557e+04,8.506341376365498252e-01
5.424384384384384612e+04,8.506886961741404463e-01
5.430380380380380666e+04,8.507431096262632053e-01
5.436376376376376720e+04,8.507973787077870442e-01
5.442372372372372047e+04,8.508515041289638203e-01
5.448368368368368101e+04,8.509054865954637226e-01
5.454364364364364155e+04,8.509593268084101325e-01
5.460360360360360210e+04,8.510130254644137082e-01
5.466356356356356264e+04,8.510665832556076893e-01
5.472352352352352318e+04,8.511200008696809816e-01
5.478348348348348372e+04,8.511732789899124629e-01
5.484344344344344427e+04,8.512264182952039571e-01
5.490340340340340481e+04,8.512794194601142062e-01
5.496336336336336535e+04,8.513322831548905123e-01
5.502332332332332589e+04,8.513850100455022663e-01
5.508328328328328644e+04,8.514376007936731439e-01
5.514324324324323970e+04,8.514900560569125254e-01
5.520320320320320025e+04,8.515423764885476920e-01
5.526316316316316079e+04,8.515945627377555782e-01
5.532312312312312133e+04,8.516466154495931917e-01
5.538308308308308187e+04,8.516985352650291441e-01
5.544304304304304242e+04,8.517503228209744037e-01
5.550300300300300296e+04,8.518019787503120499e-01
5.556296296296296350e+04,8.518535036819279149e-01
5.562292292292292404e+04,8.519048982407407822e-01
5.568288288288288459e+04,8.519561630477310299e-01
5.574284284284284513e+04,8.520072987199709402e-01
5.580280280280280567e+04,8.520583058706533430e-01
5.586276276276276622e+04,8.521091851091209257e-01
5.592272272272271948e+04,8.521599370408943219e-01
5.598268268268268002e+04,8.522105622677009773e-01
5.604264264264264057e+04,8.522610613875029051e-01
5.610260260260260111e+04,8.523114349945249968e-01
5.616256256256256165e+04,8.523616836792825557e-01
5.622252252252252219e+04,8.524118080286084975e-01
5.628248248248248274e+04,8.524618086256809946e-01
5.634244244244244328e+04,8.525116860500501215e-01
5.640240240240240382e+04,8.525614408776650555e-01
5.646236236236236437e+04,8.526110736809000556e-01
5.652232232232232491e+04,8.526605850285807753e-01
5.658228228228228545e+04,8.527099754860112402e-01
5.664224224224223872e+04,8.527592456149986067e-01
5.670220220220219926e+04,8.528083959738795850e-01
5.676216216216215980e+04,8.528574271175454191e-01
5.682212212212212035e+04,8.529063395974674222e-01
5.688208208208208089e+04,8.529551339617217343e-01
5.694204204204204143e+04,8.530038107550145243e-01
5.700200200200200197e+04,8.530523705187060823e-01
5.706196196196196252e+04,8.531008137908356881e-01
5.712192192192192306e+04,8.531491411061454810e-01
5.718188188188188360e+04,8.531973529961046632e-01
5.724184184184184414e+04,8.532454499889330357e-01
5.730180180180180469e+04,8.532934326096249800e-01
5.736176176176176523e+04,8.533413013799725499e-01
5.742172172172171850e+04,8.533890568185888981e-01
5.748168168168167904e+04,8.534366994409309237e-01
5.754164164164163958e+04,8.534842297593225879e-01
5.760160160160160012e+04,8.535316482829774509e-01
5.766156156156156067e+04,8.535789555180203214e-01
5.772152152152152121e+04,8.536261519675110154e-01
5.778148148148148175e+04,8.536732381314651175e-01
5.784144144144144229e+04,8.537202145068767400e-01
5.790140140140140284e+04,8.537670815877392849e-01
5.796136136136136338e+04,8.538138398650684247e-01
5.802132132132132392e+04,8.538604898269219756e-01
5.808128128128128446e+04,8.539070319584221025e-01
5.814124124124123773e+04,8.539534667417758573e-01
5.820120120120119827e+04,8.539997946562961628e-01
5.826116116116115882e+04,8.540460161784225734e-01
5.832112112112111936e+04,8.540921317817414815e-01
5.838108108108107990e+04,8.541381419370071004e-01
5.844104104104104044e+04,8.541840471121608935e-01
5.850100100100100099e+04,8.542298477723517802e-01
5.856096096096096153e+04,8.542755443799565640e-01
5.862092092092092207e+04,8.543211373945988063e-01
5.868088088088088261e+04,8.543666272731689215e-01
5.874084084084084316e+04,8.544120144698432728e-01
5.880080080080080370e+04,8.544572994361033791e-01
5.886076076076076424e+04,8.545024826207552326e-01
5.892072072072071751e+04,8.545475644699478401e-01
5.898068068068067805e+04,8.545925454271924293e-01
5.904064064064063859e+04,8.546374259333804346e-01
5.910060060060059914e+04,8.546822064268024821e-01
5.916056056056055968e+04,8.547268873431665970e-01
5.922052052052052022e+04,8.547714691156163003e-01
5.928048048048048076e+04,8.548159521747481504e-01
5.934044044044044131e+04,8.548603369486305059e-01
5.940040040040040185e+04,8.549046238628207339e-01
5.946036036036036239e+04,8.549488133403825296e-01
5.952032032032032294e+04,8.549929058019040129e-01
5.958028028028028348e+04,8.550369016655144927e-01
5.964024024024023674e+04,8.550808013469018976e-01
5.970020020020019729e+04,8.551246052593297620e-01
5.976016016016015783e+04,8.551683138136538798e-01
5.982012012012011837e+04,8.552119274183394015e-01
5.988008008008007891e+04,8.552554464794774880e-01
5.994004004004003946e+04,8.552988714008011861e-01
6.000000000000000000e+04,8.553422025837025267e-01
