Photon Energy [eV],[oe 5] Transmitivity
1.000000000000000000e+02,0.000000000000000000e+00
1.599599599599599742e+02,7.428896334538878512e-284
2.199199199199199199e+02,3.850520829249890862e-175
2.798798798798798657e+02,5.946412052529332798e-119
3.398398398398398399e+02,1.325266356383575091e-84
3.997997997997998141e+02,9.817558487283994172e-63
4.597597597597597314e+02,1.205527595473162409e-49
5.197197197197197056e+02,1.087957630188360522e-39
5.796796796796796798e+02,2.368581143433564657e-31
6.396396396396396540e+02,1.274804539480343741e-24
6.995995995995996282e+02,1.664362272994048123e-19
7.595595595595596023e+02,1.501893176158523337e-17
8.195195195195194628e+02,3.358485642182977180e-15
8.794794794794794370e+02,3.988252282170729165e-12
9.394394394394394112e+02,2.322013600056777956e-45
9.993993993993993854e+02,7.316282501580235097e-83
1.059359359359359360e+03,4.141419449180957292e-71
1.119319319319319220e+03,5.453548234610179326e-70
1.179279279279279308e+03,7.353196728943050057e-62
1.239239239239239168e+03,5.085972184950482613e-55
1.299199199199199256e+03,3.231837856111677364e-49
1.359159159159159117e+03,2.954229423368874642e-44
1.419119119119119205e+03,5.508671543106383322e-40
1.479079079079079065e+03,2.758863606795455619e-36
1.539039039039038926e+03,5.664491995882000554e-33
1.598998998998999014e+03,4.893135528478552008e-30
1.658958958958958874e+03,1.838946773252623766e-27
1.718918918918918962e+03,3.414752731570728429e-25
1.778878878878878822e+03,3.477183888085200433e-23
1.838838838838838910e+03,2.116047234354080045e-21
1.898798798798798771e+03,8.265530538549232619e-20
1.958758758758758859e+03,2.199785301455337561e-18
2.018718718718718719e+03,4.362796742124621212e-17
2.078678678678678807e+03,6.954345820961184072e-16
2.138638638638638440e+03,8.427575527507798664e-15
2.198598598598598528e+03,8.030662306179905684e-14
2.258558558558558616e+03,6.193184034561608470e-13
2.318518518518518704e+03,3.962086412866830855e-12
2.378478478478478337e+03,2.147963356379184070e-11
2.438438438438438425e+03,1.005119475591577346e-10
2.498398398398398513e+03,4.125107305372267698e-10
2.558358358358358146e+03,1.505646027461714361e-09
2.618318318318318234e+03,4.947223010060354583e-09
2.678278278278278322e+03,1.479041522681289620e-08
2.738238238238238409e+03,4.061158098783076573e-08
2.798198198198198043e+03,1.032664762016323013e-07
2.858158158158158130e+03,2.449528734288904997e-07
2.918118118118118218e+03,5.455483581416048348e-07
2.978078078078077851e+03,1.147393773404851237e-06
3.038038038038037939e+03,2.317919255224026599e-06
3.097997997997998027e+03,4.487533898012856009e-06
3.157957957957958115e+03,8.301819327361477439e-06
3.217917917917917748e+03,1.473301733255282367e-05
3.277877877877877836e+03,2.517016348236703917e-05
3.337837837837837924e+03,4.152657420799729399e-05
3.397797797797798012e+03,6.635082387124440623e-05
3.457757757757757645e+03,1.029345478221029757e-04
3.517717717717717733e+03,1.554098871722352411e-04
3.577677677677677821e+03,2.288295392013283357e-04
3.637637637637637454e+03,3.292231657869960719e-04
3.697597597597597542e+03,4.636252342071434324e-04
3.757557557557557629e+03,6.400710597810606133e-04
3.817517517517517717e+03,8.675597031839243434e-04
3.877477477477477350e+03,1.155984264468754063e-03
3.937437437437437438e+03,1.516031852237485376e-03
3.997397397397397526e+03,1.959056968889436815e-03
4.057357357357357159e+03,2.506352190052664464e-03
4.117317317317317247e+03,3.165056605141347047e-03
4.177277277277276880e+03,3.947950511801500903e-03
4.237237237237237423e+03,4.868176584047583834e-03
4.297197197197197056e+03,5.938694579870245141e-03
4.357157157157157599e+03,7.172093937771410917e-03
4.417117117117117232e+03,8.580417951049298247e-03
4.477077077077076865e+03,1.017500355100866248e-02
4.537037037037037408e+03,1.196633977531338586e-02
4.596996996996997041e+03,1.396394704915020560e-02
4.656956956956956674e+03,1.617627851046159540e-02
4.716916916916917216e+03,1.861064379943556946e-02
4.776876876876876850e+03,2.127315502827999832e-02
4.836836836836836483e+03,2.416869406130415024e-02
4.896796796796797025e+03,2.730089977039568822e-02
4.956756756756756658e+03,3.067217358339983241e-02
5.016716716716716292e+03,3.429448726506755668e-02
5.076676676676676834e+03,3.818842761206189818e-02
5.136636636636636467e+03,4.232700019087152349e-02
5.196596596596597010e+03,4.670799616797342846e-02
5.256556556556556643e+03,5.132815556691560505e-02
5.316516516516516276e+03,5.618324294189944862e-02
5.376476476476476819e+03,6.126812777614145528e-02
5.436436436436436452e+03,6.657686786861712058e-02
5.496396396396396085e+03,7.210279415897330457e-02
5.556356356356356628e+03,7.783859563217240818e-02
5.616316316316316261e+03,8.377640313526642235e-02
5.676276276276275894e+03,8.990787112353912369e-02
5.736236236236236437e+03,9.622425652827083786e-02
5.796196196196196070e+03,1.027164941009432730e-01
5.856156156156155703e+03,1.093752677371022525e-01
5.916116116116116245e+03,1.161910774164438137e-01
5.976076076076075879e+03,1.231543015136395414e-01
6.036036036036036421e+03,1.303082152577475228e-01
6.095995995995996054e+03,1.376283766664603003e-01
6.155955955955955687e+03,1.450705238971063959e-01
6.215915915915916230e+03,1.526247409974803571e-01
6.275875875875875863e+03,1.602812300471903595e-01
6.335835835835835496e+03,1.680303476997472567e-01
6.395795795795796039e+03,1.758626372380687197e-01
6.455755755755755672e+03,1.837688563777186146e-01
6.515715715715715305e+03,1.917400010698925295e-01
6.575675675675675848e+03,1.997673255673572401e-01
6.635635635635635481e+03,2.078423590219667105e-01
6.695595595595596023e+03,2.159569188832406728e-01
6.755555555555555657e+03,2.241031213643499276e-01
6.815515515515515290e+03,2.322733892357713714e-01
6.875475475475475832e+03,2.404604571982592309e-01
6.935435435435435465e+03,2.486573750763031165e-01
6.995395395395395099e+03,2.568575090614884093e-01
7.055355355355355641e+03,2.650545412223380692e-01
7.115315315315315274e+03,2.732424674839631362e-01
7.175275275275274907e+03,2.814155942671193733e-01
7.235235235235235450e+03,2.895685339626881682e-01
7.295195195195195083e+03,2.976961994039831749e-01
7.355155155155154716e+03,3.057937974861398289e-01
7.415115115115115259e+03,3.138568220690234889e-01
7.475075075075074892e+03,3.218810462878357037e-01
7.535035035035035435e+03,3.298625143839174489e-01
7.594994994994995068e+03,3.377975331572518058e-01
7.654954954954954701e+03,3.456826631317099774e-01
7.714914914914915244e+03,3.535147095144783869e-01
7.774874874874874877e+03,3.612907130219953911e-01
7.834834834834834510e+03,3.690079406364128456e-01
7.894794794794795052e+03,3.766638763488684427e-01
7.954754754754754686e+03,3.842562119387776809e-01
8.014714714714714319e+03,3.917970371526919848e-01
8.074674674674674861e+03,3.993135827251655390e-01
8.134634634634634494e+03,4.067600581693853745e-01
8.194594594594595037e+03,4.141348448188900688e-01
8.254554554554553761e+03,4.214364922954978443e-01
8.314514514514514303e+03,4.286637099829988529e-01
8.374474474474474846e+03,4.358153587321690892e-01
8.434434434434433570e+03,4.428904428097479862e-01
8.494394394394394112e+03,4.498881021010310843e-01
8.554354354354354655e+03,4.568076045731430668e-01
8.614314314314315197e+03,4.636483390037383634e-01
8.674274274274273921e+03,4.704098079777968566e-01
8.734234234234234464e+03,4.770916211534898532e-01
8.794194194194195006e+03,4.836934887964954299e-01
8.854154154154153730e+03,4.902152155808170431e-01
8.914114114114114273e+03,4.966566946530466820e-01
8.974074074074074815e+03,5.030179019560311326e-01
9.034034034034033539e+03,7.317185011089441353e-03
9.093993993993994081e+03,7.887417781603033029e-03
9.153953953953954624e+03,8.488616110342194626e-03
9.213913913913913348e+03,9.121750254788002846e-03
9.273873873873873890e+03,9.787801596982774466e-03
9.333833833833834433e+03,1.048776263908219458e-02
9.393793793793793157e+03,1.122263694274879334e-02
9.453753753753753699e+03,1.199343900916287863e-02
9.513713713713714242e+03,1.280119409685125630e-02
9.573673673673672965e+03,1.364693797494935697e-02
9.633633633633633508e+03,1.453171660987889920e-02
9.693593593593594051e+03,1.545658578378677865e-02
9.753553553553552774e+03,1.642261064341973137e-02
9.813513513513513317e+03,1.743086517842292946e-02
9.873473473473473859e+03,1.848243162835518094e-02
9.933433433433432583e+03,1.957839981798627921e-02
9.993393393393393126e+03,2.071986642072485424e-02
1.005335335335335367e+04,2.190789801590304134e-02
1.011331331331331421e+04,2.314329149065671651e-02
1.017327327327327293e+04,2.442672503976666548e-02
1.023323323323323348e+04,2.575883214407323832e-02
1.029319319319319402e+04,2.714019929730439318e-02
1.035315315315315274e+04,2.857136476651608512e-02
1.041311311311311329e+04,3.005281750416692946e-02
1.047307307307307383e+04,3.158499621291807613e-02
1.053303303303303255e+04,3.316828856341842713e-02
1.059299299299299309e+04,3.480303056457255406e-02
1.065295295295295364e+04,3.648950608501710935e-02
1.071291291291291236e+04,3.822794652385615166e-02
1.077287287287287290e+04,4.001853062801665611e-02
1.083283283283283345e+04,4.186138445300437855e-02
1.089279279279279217e+04,4.375658146325019093e-02
1.095275275275275271e+04,4.570414276773998585e-02
1.101271271271271326e+04,4.770403748615414941e-02
1.107267267267267198e+04,4.975618324033582313e-02
1.113263263263263252e+04,5.186044676553276667e-02
1.119259259259259306e+04,5.401664463557311752e-02
1.125255255255255179e+04,5.622454409584832363e-02
1.131251251251251233e+04,5.848386399778111172e-02
1.137247247247247287e+04,6.079427582828690613e-02
1.143243243243243160e+04,6.315540482760798047e-02
1.149239239239239214e+04,6.556683118882922212e-02
1.155235235235235268e+04,6.802809133233911343e-02
1.161231231231231141e+04,7.053867924850534821e-02
1.167227227227227195e+04,7.309804790185435441e-02
1.173223223223223249e+04,7.570561069012821109e-02
1.179219219219219303e+04,7.836074295167033688e-02
1.185215215215215176e+04,8.106278351473032717e-02
1.191211211211211230e+04,8.381103628241612369e-02
1.197207207207207284e+04,8.660477184719542199e-02
1.203203203203203157e+04,8.944322912903901468e-02
1.209199199199199211e+04,9.232561703151043186e-02
1.215195195195195265e+04,9.525111611030546988e-02
1.221191191191191137e+04,9.821888024901453962e-02
1.227187187187187192e+04,1.012280383370956494e-01
1.233183183183183246e+04,1.042776959453022984e-01
1.239179179179179118e+04,1.073669369940878360e-01
1.245175175175175173e+04,1.104948254107444294e-01
1.251171171171171227e+04,1.136604067713036653e-01
1.257167167167167099e+04,1.168627099235226424e-01
1.263163163163163154e+04,1.201007485874797248e-01
1.269159159159159208e+04,1.233735229306440195e-01
1.275155155155155080e+04,1.266800211144718524e-01
1.281151151151151134e+04,1.300192208098898405e-01
1.287147147147147189e+04,1.333900906792351293e-01
1.293143143143143061e+04,1.367915918224915650e-01
1.299139139139139115e+04,1.402226791858963983e-01
1.305135135135135170e+04,1.436823029311962430e-01
1.311131131131131042e+04,1.471694097640715015e-01
1.317127127127127096e+04,1.506829442204688785e-01
1.323123123123123150e+04,1.542218499097559592e-01
1.329119119119119205e+04,1.577850707138191977e-01
1.335115115115115077e+04,1.613715519414287702e-01
1.341111111111111131e+04,1.649802414373307546e-01
1.347107107107107186e+04,1.686100906457204118e-01
1.353103103103103058e+04,1.722600556278909290e-01
1.359099099099099112e+04,1.759290980340089405e-01
1.365095095095095166e+04,1.796161860290895473e-01
1.371091091091091039e+04,1.833202951733738095e-01
1.377087087087087093e+04,1.870404092574428079e-01
1.383083083083083147e+04,1.907755210924752809e-01
1.389079079079079020e+04,1.945246332562124980e-01
1.395075075075075074e+04,1.982867587952004129e-01
1.401071071071071128e+04,2.020609218840652976e-01
1.407067067067067001e+04,2.058461584425449742e-01
1.413063063063063055e+04,2.096415167111522482e-01
1.419059059059059109e+04,2.134460577863617481e-01
1.425055055055054981e+04,2.172588561162498988e-01
1.431051051051051036e+04,2.210789999576303622e-01
1.437047047047047090e+04,2.249055917956699624e-01
1.443043043043042962e+04,2.287377487270901566e-01
1.449039039039039017e+04,2.325746028080351024e-01
1.455035035035035071e+04,2.364153013677325055e-01
1.461031031031030943e+04,2.402590072890687101e-01
1.467027027027026998e+04,2.441048992572480980e-01
1.473023023023023052e+04,2.479521719776560384e-01
1.479019019019019106e+04,2.518000363641438866e-01
1.485015015015014978e+04,2.556477196988183320e-01
1.491011011011011033e+04,2.594944657645757990e-01
1.497007007007007087e+04,2.633395349514493500e-01
1.503003003003002959e+04,2.671822535078186012e-01
1.508998998998999014e+04,2.710219884400701384e-01
1.514994994994995068e+04,2.748581461112489244e-01
1.520990990990990940e+04,2.786901970844875565e-01
1.526986986986986994e+04,2.825176267535507990e-01
1.532982982982983049e+04,2.863399351407146520e-01
1.538978978978978921e+04,2.901566366891830673e-01
1.544974974974974975e+04,2.939672600506375577e-01
1.550970970970971030e+04,2.977713478685689030e-01
1.556966966966966902e+04,3.015684565579012100e-01
1.562962962962962956e+04,3.053581560815046836e-01
1.568958958958959010e+04,3.091400297240358142e-01
1.574954954954954883e+04,3.129136738636411619e-01
1.580950950950950937e+04,3.166786977419197013e-01
1.586946946946946991e+04,3.204347232325769346e-01
1.592942942942942864e+04,3.241813846091652351e-01
1.598938938938938918e+04,3.279183283122766301e-01
1.604934934934934972e+04,3.316452127165150365e-01
1.610930930930930845e+04,3.353617078975689170e-01
1.616926926926926899e+04,3.390674953997006025e-01
1.622922922922922953e+04,3.427622680038966418e-01
1.628918918918919007e+04,3.464457294969463530e-01
1.634914914914914880e+04,3.501175944417043162e-01
1.640910910910910752e+04,3.537775879487145003e-01
1.646906906906906806e+04,3.574254454494437683e-01
1.652902902902902861e+04,3.610609124712592655e-01
1.658898898898898915e+04,3.646837444143811169e-01
1.664894894894894969e+04,3.682937063308963643e-01
1.670890890890891023e+04,3.718905727060422550e-01
1.676886886886886714e+04,3.754741272418335996e-01
1.682882882882882768e+04,3.790441626431959032e-01
1.688878878878878822e+04,3.826004804066696074e-01
1.694874874874874877e+04,3.861428906118128390e-01
1.700870870870870931e+04,3.896712117153675603e-01
1.706866866866866985e+04,3.931852703482655031e-01
1.712862862862863039e+04,3.966849011155542115e-01
1.718858858858858730e+04,4.001699463992795525e-01
1.724854854854854784e+04,4.036402561643895881e-01
1.730850850850850838e+04,4.070956877676934482e-01
1.736846846846846893e+04,4.105361057699102867e-01
1.742842842842842947e+04,4.139613817508391858e-01
1.748838838838839001e+04,4.173713941276815387e-01
1.754834834834834692e+04,4.207660279765030875e-01
1.760830830830830746e+04,4.241451748568803581e-01
1.766826826826826800e+04,4.275087326397118970e-01
1.772822822822822855e+04,4.308566053382162364e-01
1.778818818818818909e+04,4.341887029420995470e-01
1.784814814814814963e+04,4.375049412548769334e-01
1.790810810810810653e+04,4.408052417343726881e-01
1.796806806806806708e+04,4.440895313363491526e-01
1.802802802802802762e+04,4.473577423612531412e-01
1.808798798798798816e+04,4.506098123040856995e-01
1.814794794794794871e+04,4.538456837073330252e-01
1.820790790790790925e+04,4.570653040169738723e-01
1.826786786786786615e+04,4.602686254414955491e-01
1.832782782782782670e+04,4.634556048139285012e-01
1.838778778778778724e+04,4.666262034568336436e-01
1.844774774774774778e+04,4.697803870502346157e-01
1.850770770770770832e+04,4.729181255024453856e-01
1.856766766766766887e+04,4.760393928237651173e-01
1.862762762762762941e+04,4.791441670030051059e-01
1.868758758758758631e+04,4.822324298867908809e-01
1.874754754754754686e+04,4.853041670616362047e-01
1.880750750750750740e+04,4.883593677387064180e-01
1.886746746746746794e+04,4.913980246412716357e-01
1.892742742742742848e+04,4.944201338947707414e-01
1.898738738738738903e+04,4.974256949194790778e-01
1.904734734734734593e+04,5.004147103257113871e-01
1.910730730730730647e+04,5.033871858115330777e-01
1.916726726726726702e+04,5.063431300629266385e-01
1.922722722722722756e+04,5.092825546563817252e-01
1.928718718718718810e+04,5.122054739638617349e-01
1.934714714714714864e+04,5.151119050600903027e-01
1.940710710710710555e+04,5.180018676321437310e-01
1.946706706706706609e+04,5.208753838912760781e-01
1.952702702702702663e+04,5.237324784869609173e-01
1.958698698698698718e+04,5.265731784230802681e-01
1.964694694694694772e+04,5.293975129762416021e-01
1.970690690690690826e+04,5.322055136161792932e-01
1.976686686686686517e+04,5.349972139281720107e-01
1.982682682682682571e+04,5.377726495374756110e-01
1.988678678678678625e+04,5.405318580356951452e-01
1.994674674674674679e+04,5.432748789090771080e-01
2.000670670670670734e+04,5.460017185018614105e-01
2.006666666666666788e+04,5.487121720557178728e-01
2.012662662662662842e+04,5.514065481435246330e-01
2.018658658658658533e+04,5.540848739463135608e-01
2.024654654654654587e+04,5.567471788215401229e-01
2.030650650650650641e+04,5.593934942335221372e-01
2.036646646646646695e+04,5.620238536853399136e-01
2.042642642642642750e+04,5.646382926522098833e-01
2.048638638638638804e+04,5.672368485162686547e-01
2.054634634634634494e+04,5.698195605027925881e-01
2.060630630630630549e+04,5.723864696177998201e-01
2.066626626626626603e+04,5.749376185870430644e-01
2.072622622622622657e+04,5.774730517963486687e-01
2.078618618618618711e+04,5.799928152332982645e-01
2.084614614614614766e+04,5.824969564302301395e-01
2.090610610610610456e+04,5.849855244085301331e-01
2.096606606606606510e+04,5.874585696242179411e-01
2.102602602602602565e+04,5.899161439147724284e-01
2.108598598598598619e+04,5.923583004472049440e-01
2.114594594594594673e+04,5.947850936673482192e-01
2.120590590590590728e+04,5.971965792503460824e-01
2.126586586586586418e+04,5.995928140523137939e-01
2.132582582582582472e+04,6.019738560631583413e-01
2.138578578578578527e+04,6.043397643605428193e-01
2.144574574574574581e+04,6.066905990649584801e-01
2.150570570570570635e+04,6.090264212959000112e-01
2.156566566566566689e+04,6.113472931291182855e-01
2.162562562562562744e+04,6.136532775549287111e-01
2.168558558558558434e+04,6.159444384375681869e-01
2.174554554554554488e+04,6.182208404755533682e-01
2.180550550550550543e+04,6.204825491630608925e-01
2.186546546546546597e+04,6.227296307522736107e-01
2.192542542542542651e+04,6.249621522166975973e-01
2.198538538538538705e+04,6.271801812154182976e-01
2.204534534534534396e+04,6.293837860582897070e-01
2.210530530530530450e+04,6.315730356720218319e-01
2.216526526526526504e+04,6.337479995671658761e-01
2.222522522522522559e+04,6.359087478059668452e-01
2.228518518518518613e+04,6.380553509710676918e-01
2.234514514514514667e+04,6.401878801350622261e-01
2.240510510510510358e+04,6.423064068308496077e-01
2.246506506506506412e+04,6.444110030228078490e-01
2.252502502502502466e+04,6.465017410787395891e-01
2.258498498498498520e+04,6.485786937426037957e-01
2.264494494494494575e+04,6.506419341079769936e-01
2.270490490490490629e+04,6.526915355922811024e-01
2.276486486486486319e+04,6.547275719117040538e-01
2.282482482482482374e+04,6.567501170568462721e-01
2.288478478478478428e+04,6.587592452690450573e-01
2.294474474474474482e+04,6.607550310173855301e-01
2.300470470470470536e+04,6.627375489763638328e-01
2.306466466466466591e+04,6.647068740041935930e-01
2.312462462462462281e+04,6.666630811217577612e-01
2.318458458458458335e+04,6.686062454921630760e-01
2.324454454454454390e+04,6.705364424009064850e-01
2.330450450450450444e+04,6.724537472366283186e-01
2.336446446446446498e+04,6.743582354724420025e-01
2.342442442442442552e+04,6.762499826478304277e-01
2.348438438438438607e+04,6.781290643510881067e-01
2.354434434434434297e+04,6.799955562023028977e-01
2.360430430430430351e+04,6.818495338368648628e-01
2.366426426426426406e+04,6.836910728894818323e-01
2.372422422422422460e+04,6.855202489787061149e-01
2.378418418418418514e+04,6.873371376919363840e-01
2.384414414414414568e+04,6.891418145709148346e-01
2.390410410410410259e+04,6.909343550976710935e-01
2.396406406406406313e+04,6.927148346809357538e-01
2.402402402402402367e+04,6.944833286429906716e-01
2.408398398398398422e+04,6.962399122069544699e-01
2.414394394394394476e+04,6.979846604844890390e-01
2.420390390390390530e+04,6.997176484639258121e-01
2.426386386386386221e+04,7.014389509987799531e-01
2.432382382382382275e+04,7.031486427966763264e-01
2.438378378378378329e+04,7.048467984086352889e-01
2.444374374374374383e+04,7.065334922187563871e-01
2.450370370370370438e+04,7.082087984342445575e-01
2.456366366366366492e+04,7.098727910758042547e-01
2.462362362362362182e+04,7.115255439683740857e-01
2.468358358358358237e+04,7.131671307322023923e-01
2.474354354354354291e+04,7.147976247742457989e-01
2.480350350350350345e+04,7.164170992798934989e-01
2.486346346346346400e+04,7.180256272050010713e-01
2.492342342342342454e+04,7.196232812682251678e-01
2.498338338338338508e+04,7.212101339436637337e-01
2.504334334334334199e+04,7.227862574537732288e-01
2.510330330330330253e+04,7.243517237625748395e-01
2.516326326326326307e+04,7.259066045691319191e-01
2.522322322322322361e+04,7.274509713012932144e-01
2.528318318318318416e+04,7.289848951096946639e-01
2.534314314314314470e+04,7.305084468620156590e-01
2.540310310310310160e+04,7.320216971374811088e-01
2.546306306306306215e+04,7.335247162216005368e-01
2.552302302302302269e+04,7.350175741011449881e-01
2.558298298298298323e+04,7.365003404593409853e-01
2.564294294294294377e+04,7.379730846712961867e-01
2.570290290290290432e+04,7.394358757996294385e-01
2.576286286286286122e+04,7.408887825903164304e-01
2.582282282282282176e+04,7.423318734687383014e-01
2.588278278278278231e+04,7.437652165359159850e-01
2.594274274274274285e+04,7.451888795649549424e-01
2.600270270270270339e+04,7.466029299976580935e-01
2.606266266266266393e+04,7.480074349413345924e-01
2.612262262262262084e+04,7.494024611657740254e-01
2.618258258258258138e+04,7.507880751003949138e-01
2.624254254254254192e+04,7.521643428315651914e-01
2.630250250250250247e+04,7.535313301000730046e-01
2.636246246246246301e+04,7.548891022987672672e-01
2.642242242242242355e+04,7.562377244703376578e-01
2.648238238238238409e+04,7.575772613052517146e-01
2.654234234234234100e+04,7.589077771398327066e-01
2.660230230230230154e+04,7.602293359544779472e-01
2.666226226226226208e+04,7.615420013720065606e-01
2.672222222222222263e+04,7.628458366561486903e-01
2.678218218218218317e+04,7.641409047101519469e-01
2.684214214214214371e+04,7.654272680755185299e-01
2.690210210210210062e+04,7.667049889308606980e-01
2.696206206206206116e+04,7.679741290908667084e-01
2.702202202202202170e+04,7.692347500053905440e-01
2.708198198198198224e+04,7.704869127586384536e-01
2.714194194194194279e+04,7.717306780684731748e-01
2.720190190190190333e+04,7.729661062858081966e-01
2.726186186186186023e+04,7.741932573941161522e-01
2.732182182182182078e+04,7.754121910090158165e-01
2.738178178178178132e+04,7.766229663779720127e-01
2.744174174174174186e+04,7.778256423800679054e-01
2.750170170170170240e+04,7.790202775258758816e-01
2.756166166166166295e+04,7.802069299574101446e-01
2.762162162162161985e+04,7.813856574481576889e-01
2.768158158158158039e+04,7.825565174031922089e-01
2.774154154154154094e+04,7.837195668593659459e-01
2.780150150150150148e+04,7.848748624855681477e-01
2.786146146146146202e+04,7.860224605830650191e-01
2.792142142142142256e+04,7.871624170858978475e-01
2.798138138138138311e+04,7.882947875613597333e-01
2.804134134134134001e+04,7.894196272105251655e-01
2.810130130130130055e+04,7.905369908688493208e-01
2.816126126126126110e+04,7.916469330068258703e-01
2.822122122122122164e+04,7.927495077307004090e-01
2.828118118118118218e+04,7.938447687832431710e-01
2.834114114114114273e+04,7.949327695445715936e-01
2.840110110110109963e+04,7.960135630330260614e-01
2.846106106106106017e+04,7.970872019061023828e-01
2.852102102102102072e+04,7.981537384614181274e-01
2.858098098098098126e+04,7.992132246377386950e-01
2.864094094094094180e+04,8.002657120160437954e-01
2.870090090090090234e+04,8.013112518206311208e-01
2.876086086086085925e+04,8.023498949202684249e-01
2.882082082082081979e+04,8.033816918293847920e-01
2.888078078078078033e+04,8.044066927092949904e-01
2.894074074074074088e+04,8.054249473694620187e-01
2.900070070070070142e+04,8.064365052687989532e-01
2.906066066066066196e+04,8.074414155170005492e-01
2.912062062062061887e+04,8.084397268759051514e-01
2.918058058058057941e+04,8.094314877608917991e-01
2.924054054054053995e+04,8.104167462423034207e-01
2.930050050050050049e+04,8.113955500469022253e-01
2.936046046046046104e+04,8.123679465593452997e-01
2.942042042042042158e+04,8.133339828236930691e-01
2.948038038038038212e+04,8.142937055449360750e-01
2.954034034034033903e+04,8.152471610905515087e-01
2.960030030030029957e+04,8.161943954920742872e-01
2.966026026026026011e+04,8.171354544466977732e-01
2.972022022022022065e+04,8.180703833188869289e-01
2.978018018018018120e+04,8.189992271420124537e-01
2.984014014014014174e+04,8.199220306200103447e-01
2.990010010010009864e+04,8.208388381290447899e-01
2.996006006006005919e+04,8.217496937191988149e-01
3.002002002002001973e+04,8.226547505373231761e-01
3.007997997997998027e+04,8.235541835114176257e-01
3.013993993993994081e+04,8.244477916593552225e-01
3.019989989989990136e+04,8.253356183811236813e-01
3.025985985985985826e+04,8.262177067398968067e-01
3.031981981981981880e+04,8.270940994642246302e-01
3.037977977977977935e+04,8.279648389502195505e-01
3.043973973973973989e+04,8.288299672637465809e-01
3.049969969969970043e+04,8.296895261426185941e-01
3.055965965965966097e+04,8.305435569987826838e-01
3.061961961961961788e+04,8.313921009205209600e-01
3.067957957957957842e+04,8.322351986746342467e-01
3.073953953953953896e+04,8.330728907086396573e-01
3.079949949949949951e+04,8.339052171529592883e-01
3.085945945945946005e+04,8.347322178231030287e-01
3.091941941941942059e+04,8.355539322218618059e-01
3.097937937937938113e+04,8.363703995414841774e-01
3.103933933933933804e+04,8.371816586658591408e-01
3.109929929929929858e+04,8.379877481726886179e-01
3.115925925925925912e+04,8.387887063356619377e-01
3.121921921921921967e+04,8.395845711266219924e-01
3.127917917917918021e+04,8.403753802177255094e-01
3.133913913913914075e+04,8.411611709836016582e-01
3.139909909909909766e+04,8.419419805035035509e-01
3.145905905905905820e+04,8.427178455634528609e-01
3.151901901901901874e+04,8.434888026583788889e-01
3.157897897897897928e+04,8.442548879942515239e-01
3.163893893893893983e+04,8.450161374902070976e-01
3.169889889889890037e+04,8.457725867806659137e-01
3.175885885885885727e+04,8.465242712174469997e-01
3.181881881881881782e+04,8.472712258718659850e-01
3.187877877877877836e+04,8.480134855368365310e-01
3.193873873873873890e+04,8.487510847289541083e-01
3.199869869869869945e+04,8.494840576905789975e-01
3.205865865865865999e+04,8.502124383919024142e-01
3.211861861861861689e+04,8.509362605330117457e-01
3.217857857857857744e+04,8.516555575459434646e-01
3.223853853853853798e+04,8.523703625967248287e-01
3.229849849849849852e+04,8.530807085874122508e-01
3.235845845845845906e+04,8.537866281581112382e-01
3.241841841841841961e+04,8.544881536889957774e-01
3.247837837837838015e+04,8.551853173023110655e-01
3.253833833833833705e+04,8.558781508643735769e-01
3.259829829829829760e+04,8.565666859875504802e-01
3.265825825825825814e+04,8.572509540322383881e-01
3.271821821821821868e+04,8.579309861088294520e-01
3.277817817817817559e+04,8.586068130796619124e-01
3.283813813813813613e+04,8.592784655609667643e-01
3.289809809809809667e+04,8.599459739248015433e-01
3.295805805805805721e+04,8.606093683009690132e-01
3.301801801801801776e+04,8.612686785789319677e-01
3.307797797797797830e+04,8.619239344097130440e-01
3.313793793793793884e+04,8.625751652077842113e-01
3.319789789789789938e+04,8.632224001529436030e-01
3.325785785785785993e+04,8.638656681921849101e-01
3.331781781781782047e+04,8.645049980415517865e-01
3.337777777777778101e+04,8.651404181879829292e-01
3.343773773773773428e+04,8.657719568911460550e-01
3.349769769769769482e+04,8.663996421852590002e-01
3.355765765765765536e+04,8.670235018809009375e-01
3.361761761761761591e+04,8.676435635668098278e-01
3.367757757757757645e+04,8.682598546116704341e-01
3.373753753753753699e+04,8.688724021658923435e-01
3.379749749749749753e+04,8.694812331633713365e-01
3.385745745745745808e+04,8.700863743232429837e-01
3.391741741741741862e+04,8.706878521516252523e-01
3.397737737737737916e+04,8.712856929433444586e-01
3.403733733733733970e+04,8.718799227836584453e-01
3.409729729729730025e+04,8.724705675499563329e-01
3.415725725725726079e+04,8.730576529134588259e-01
3.421721721721721406e+04,8.736412043408969819e-01
3.427717717717717460e+04,8.742212470961848725e-01
3.433713713713713514e+04,8.747978062420798118e-01
3.439709709709709568e+04,8.753709066418279283e-01
3.445705705705705623e+04,8.759405729608031876e-01
3.451701701701701677e+04,8.765068296681294280e-01
3.457697697697697731e+04,8.770697010382946246e-01
3.463693693693693785e+04,8.776292111527532747e-01
3.469689689689689840e+04,8.781853839015117957e-01
3.475685685685685894e+04,8.787382429847117038e-01
3.481681681681681948e+04,8.792878119141946947e-01
3.487677677677678003e+04,8.798341140150556239e-01
3.493673673673673329e+04,8.803771724271872712e-01
3.499669669669669383e+04,8.809170101068151126e-01
3.505665665665665438e+04,8.814536498280143295e-01
3.511661661661661492e+04,8.819871141842209328e-01
3.517657657657657546e+04,8.825174255897285658e-01
3.523653653653653600e+04,8.830446062811779795e-01
3.529649649649649655e+04,8.835686783190277449e-01
3.535645645645645709e+04,8.840896635890230781e-01
3.541641641641641763e+04,8.846075838036453476e-01
3.547637637637637818e+04,8.851224605035556969e-01
3.553633633633633872e+04,8.856343150590253455e-01
3.559629629629629926e+04,8.861431686713537870e-01
3.565625625625625980e+04,8.866490423742791060e-01
3.571621621621621307e+04,8.871519570353737505e-01
3.577617617617617361e+04,8.876519333574328652e-01
3.583613613613613416e+04,8.881489918798486372e-01
3.589609609609609470e+04,8.886431529799759810e-01
3.595605605605605524e+04,8.891344368744856785e-01
3.601601601601601578e+04,8.896228636207079710e-01
3.607597597597597633e+04,8.901084531179672688e-01
3.613593593593593687e+04,8.905912251088999865e-01
3.619589589589589741e+04,8.910711991807701571e-01
3.625585585585585795e+04,8.915483947667678377e-01
3.631581581581581850e+04,8.920228311472997440e-01
3.637577577577577904e+04,8.924945274512707805e-01
3.643573573573573231e+04,8.929635026573525813e-01
3.649569569569569285e+04,8.934297755952429476e-01
3.655565565565565339e+04,8.938933649469161802e-01
3.661561561561561393e+04,8.943542892478594242e-01
3.667557557557557448e+04,8.948125668883049055e-01
3.673553553553553502e+04,8.952682161144460693e-01
3.679549549549549556e+04,8.957212550296491660e-01
3.685545545545545610e+04,8.961717015956486287e-01
3.691541541541541665e+04,8.966195736337397859e-01
3.697537537537537719e+04,8.970648888259545872e-01
3.703533533533533773e+04,8.975076647162346655e-01
3.709529529529529827e+04,8.979479187115881889e-01
3.715525525525525882e+04,8.983856680832414954e-01
3.721521521521521208e+04,8.988209299677789588e-01
3.727517517517517263e+04,8.992537213682759711e-01
3.733513513513513317e+04,8.996840591554174926e-01
3.739509509509509371e+04,9.001119600686123823e-01
3.745505505505505425e+04,9.005374407170970708e-01
3.751501501501501480e+04,9.009605175810271316e-01
3.757497497497497534e+04,9.013812070125629683e-01
3.763493493493493588e+04,9.017995252369451764e-01
3.769489489489489642e+04,9.022154883535619119e-01
3.775485485485485697e+04,9.026291123370036029e-01
3.781481481481481751e+04,9.030404130381136651e-01
3.787477477477477805e+04,9.034494061850283364e-01
3.793473473473473132e+04,9.038561073842049653e-01
3.799469469469469186e+04,9.042605321214459702e-01
3.805465465465465240e+04,9.046626957629120280e-01
3.811461461461461295e+04,9.050626135561264940e-01
3.817457457457457349e+04,9.054603006309709379e-01
3.823453453453453403e+04,9.058557720006731317e-01
3.829449449449449457e+04,9.062490425627877100e-01
3.835445445445445512e+04,9.066401271001645057e-01
3.841441441441441566e+04,9.070290402819132236e-01
3.847437437437437620e+04,9.074157966643557893e-01
3.853433433433433675e+04,9.078004106919749239e-01
3.859429429429429729e+04,9.081828966983497287e-01
3.865425425425425783e+04,9.085632689070873846e-01
3.871421421421421110e+04,9.089415414327438603e-01
3.877417417417417164e+04,9.093177282817388463e-01
3.883413413413413218e+04,9.096918433532619197e-01
3.889409409409409272e+04,9.100639004401696042e-01
3.895405405405405327e+04,9.104339132298783221e-01
3.901401401401401381e+04,9.108018953052441358e-01
3.907397397397397435e+04,9.111678601454407112e-01
3.913393393393393490e+04,9.115318211268266246e-01
3.919389389389389544e+04,9.118937915238043423e-01
3.925385385385385598e+04,9.122537845096738707e-01
3.931381381381381652e+04,9.126118131574771919e-01
3.937377377377377707e+04,9.129678904408383699e-01
3.943373373373373033e+04,9.133220292347922209e-01
3.949369369369369088e+04,9.136742423166090976e-01
3.955365365365365142e+04,9.140245423666101265e-01
3.961361361361361196e+04,9.143729419689778926e-01
3.967357357357357250e+04,9.147194536125577979e-01
3.973353353353353305e+04,9.150640896916537592e-01
3.979349349349349359e+04,9.154068625068169096e-01
3.985345345345345413e+04,9.157477842656256417e-01
3.991341341341341467e+04,9.160868670834619865e-01
3.997337337337337522e+04,9.164241229842794434e-01
4.003333333333333576e+04,9.167594605657746198e-01
4.009329329329329630e+04,9.170929212059081292e-01
4.015325325325325684e+04,9.174245920611227012e-01
4.021321321321321011e+04,9.177544847369173420e-01
4.027317317317317065e+04,9.180826107524970858e-01
4.033313313313313120e+04,9.184089815414784308e-01
4.039309309309309174e+04,9.187336084525834501e-01
4.045305305305305228e+04,9.190565027503342366e-01
4.051301301301301282e+04,9.193776756157346908e-01
4.057297297297297337e+04,9.196971381469523088e-01
4.063293293293293391e+04,9.200149013599923098e-01
4.069289289289289445e+04,9.203309761893634366e-01
4.075285285285285499e+04,9.206453734887419804e-01
4.081281281281281554e+04,9.209581040316291434e-01
4.087277277277277608e+04,9.212691785119995203e-01
4.093273273273272935e+04,9.215786075449504677e-01
4.099269269269268989e+04,9.218864016673390394e-01
4.105265265265265043e+04,9.221925713384192536e-01
4.111261261261261097e+04,9.224971269404694807e-01
4.117257257257257152e+04,9.228000787794180537e-01
4.123253253253253206e+04,9.231014370854604412e-01
4.129249249249249260e+04,9.234012120136753099e-01
4.135245245245245314e+04,9.236994136446292636e-01
4.141241241241241369e+04,9.239960519849829135e-01
4.147237237237237423e+04,9.242911369680871791e-01
4.153233233233233477e+04,9.245846784545773689e-01
4.159229229229229531e+04,9.248766862329591554e-01
4.165225225225225586e+04,9.251671700201938853e-01
4.171221221221220912e+04,9.254561394622744519e-01
4.177217217217216967e+04,9.257436041347989475e-01
4.183213213213213021e+04,9.260295735435388753e-01
4.189209209209209075e+04,9.263140571250025879e-01
4.195205205205205129e+04,9.265970642469923968e-01
4.201201201201201184e+04,9.268786042091594624e-01
4.207197197197197238e+04,9.271586862435534648e-01
4.213193193193193292e+04,9.274373195151643934e-01
4.219189189189189347e+04,9.277145131224645569e-01
4.225185185185185401e+04,9.279902760979422682e-01
4.231181181181181455e+04,9.282646174086330859e-01
4.237177177177177509e+04,9.285375459566447276e-01
4.243173173173172836e+04,9.288090705796799851e-01
4.249169169169168890e+04,9.290792000515527560e-01
4.255165165165164944e+04,9.293479430826997456e-01
4.261161161161160999e+04,9.296153083206912804e-01
4.267157157157157053e+04,9.298813043507329068e-01
4.273153153153153107e+04,9.301459396961654358e-01
4.279149149149149162e+04,9.304092228189613234e-01
4.285145145145145216e+04,9.306711621202141682e-01
4.291141141141141270e+04,9.309317659406275425e-01
4.297137137137137324e+04,9.311910425609957187e-01
4.303133133133133379e+04,9.314490002026835080e-01
4.309129129129129433e+04,9.317056470281011027e-01
4.315125125125125487e+04,9.319609911411733671e-01
4.321121121121120814e+04,9.322150405878073531e-01
4.327117117117116868e+04,9.324678033563545965e-01
4.333113113113112922e+04,9.327192873780697502e-01
4.339109109109108977e+04,9.329695005275644437e-01
4.345105105105105031e+04,9.332184506232592547e-01
4.351101101101101085e+04,9.334661454278301296e-01
4.357097097097097139e+04,9.337125926486516958e-01
4.363093093093093194e+04,9.339577999382359108e-01
4.369089089089089248e+04,9.342017748946684907e-01
4.375085085085085302e+04,9.344445250620410093e-01
4.381081081081081356e+04,9.346860579308775563e-01
4.387077077077077411e+04,9.349263809385617296e-01
4.393073073073072737e+04,9.351655014697556334e-01
4.399069069069068792e+04,9.354034268568174326e-01
4.405065065065064846e+04,9.356401643802169099e-01
4.411061061061060900e+04,9.358757212689439164e-01
4.417057057057056954e+04,9.361101047009148246e-01
4.423053053053053009e+04,9.363433218033787586e-01
4.429049049049049063e+04,9.365753796533142772e-01
4.435045045045045117e+04,9.368062852778271665e-01
4.441041041041041171e+04,9.370360456545447914e-01
4.447037037037037226e+04,9.372646677120035630e-01
4.453033033033033280e+04,9.374921583300374062e-01
4.459029029029029334e+04,9.377185243401594539e-01
4.465025025025025388e+04,9.379437725259438530e-01
4.471021021021020715e+04,9.381679096234001314e-01
4.477017017017016769e+04,9.383909423213490086e-01
4.483013013013012824e+04,9.386128772617915450e-01
4.489009009009008878e+04,9.388337210402755151e-01
4.495005005005004932e+04,9.390534802062622255e-01
4.501001001001000986e+04,9.392721612634845618e-01
4.506996996996997041e+04,9.394897706703067009e-01
4.512992992992993095e+04,9.397063148400786048e-01
4.518988988988989149e+04,9.399218001414881840e-01
4.524984984984985203e+04,9.401362328989091299e-01
4.530980980980981258e+04,9.403496193927484148e-01
4.536976976976977312e+04,9.405619658597885735e-01
4.542972972972972639e+04,9.407732784935276538e-01
4.548968968968968693e+04,9.409835634445170571e-01
4.554964964964964747e+04,9.411928268206952719e-01
4.560960960960960801e+04,9.414010746877204960e-01
4.566956956956956856e+04,9.416083130692985970e-01
4.572952952952952910e+04,9.418145479475085180e-01
4.578948948948948964e+04,9.420197852631274626e-01
4.584944944944945019e+04,9.422240309159500837e-01
4.590940940940941073e+04,9.424272907651060072e-01
4.596936936936937127e+04,9.426295706293760235e-01
4.602932932932933181e+04,9.428308762875038385e-01
4.608928928928929236e+04,9.430312134785067135e-01
4.614924924924924562e+04,9.432305879019815542e-01
4.620920920920920616e+04,9.434290052184101105e-01
4.626916916916916671e+04,9.436264710494622898e-01
4.632912912912912725e+04,9.438229909782934746e-01
4.638908908908908779e+04,9.440185705498429503e-01
4.644904904904904834e+04,9.442132152711285586e-01
4.650900900900900888e+04,9.444069306115382423e-01
4.656896896896896942e+04,9.445997220031192576e-01
4.662892892892892996e+04,9.447915948408670550e-01
4.668888888888889051e+04,9.449825544830078305e-01
4.674884884884885105e+04,9.451726062512826321e-01
4.680880880880881159e+04,9.453617554312263582e-01
4.686876876876877213e+04,9.455500072724462024e-01
4.692872872872872540e+04,9.457373669888959888e-01
4.698868868868868594e+04,9.459238397591506198e-01
4.704864864864864649e+04,9.461094307266756376e-01
4.710860860860860703e+04,9.462941450000961208e-01
4.716856856856856757e+04,9.464779876534626935e-01
4.722852852852852811e+04,9.466609637265162025e-01
4.728848848848848866e+04,9.468430782249485089e-01
4.734844844844844920e+04,9.470243361206636123e-01
4.740840840840840974e+04,9.472047423520335574e-01
4.746836836836837028e+04,9.473843018241544511e-01
4.752832832832833083e+04,9.475630194090995939e-01
4.758828828828829137e+04,9.477408999461709449e-01
4.764824824824824464e+04,9.479179482421470349e-01
4.770820820820820518e+04,9.480941690715311010e-01
4.776816816816816572e+04,9.482695671767954471e-01
4.782812812812812626e+04,9.484441472686238050e-01
4.788808808808808681e+04,9.486179140261526976e-01
4.794804804804804735e+04,9.487908720972102472e-01
4.800800800800800789e+04,9.489630260985528754e-01
4.806796796796796843e+04,9.491343806161002261e-01
4.812792792792792898e+04,9.493049402051673136e-01
4.818788788788788952e+04,9.494747093906967805e-01
4.824784784784785006e+04,9.496436926674872714e-01
4.830780780780781060e+04,9.498118945004206948e-01
4.836776776776777115e+04,9.499793193246869327e-01
4.842772772772772441e+04,9.501459715460087718e-01
4.848768768768768496e+04,9.503118555408615054e-01
4.854764764764764550e+04,9.504769756566945338e-01
4.860760760760760604e+04,9.506413362121477473e-01
4.866756756756756658e+04,9.508049414972687963e-01
4.872752752752752713e+04,9.509677957737269205e-01
4.878748748748748767e+04,9.511299032750254456e-01
4.884744744744744821e+04,9.512912682067129477e-01
4.890740740740740875e+04,9.514518947465917531e-01
4.896736736736736930e+04,9.516117870449265492e-01
4.902732732732732984e+04,9.517709492246484437e-01
4.908728728728729038e+04,9.519293853815596895e-01
4.914724724724724365e+04,9.520870995845366336e-01
4.920720720720720419e+04,9.522440958757292240e-01
4.926716716716716473e+04,9.524003782707605170e-01
4.932712712712712528e+04,9.525559507589241859e-01
4.938708708708708582e+04,9.527108173033799199e-01
4.944704704704704636e+04,9.528649818413479355e-01
4.950700700700700691e+04,9.530184482843010452e-01
4.956696696696696745e+04,9.531712205181560593e-01
4.962692692692692799e+04,9.533233024034631908e-01
4.968688688688688853e+04,9.534746977755931274e-01
4.974684684684684908e+04,9.536254104449244373e-01
4.980680680680680962e+04,9.537754441970280883e-01
4.986676676676677016e+04,9.539248027928501905e-01
4.992672672672672343e+04,9.540734899688942949e-01
4.998668668668668397e+04,9.542215094374014717e-01
5.004664664664664451e+04,9.543689058747317766e-01
5.010660660660660506e+04,9.545156545343128629e-01
5.016656656656656560e+04,9.546617460535002930e-01
5.022652652652652614e+04,9.548071840516039188e-01
5.028648648648648668e+04,9.549519721245263160e-01
5.034644644644644723e+04,9.550961138449339805e-01
5.040640640640640777e+04,9.552396127624289690e-01
5.046636636636636831e+04,9.553824724037166538e-01
5.052632632632632885e+04,9.555246962727745874e-01
5.058628628628628940e+04,9.556662878510189252e-01
5.064624624624624266e+04,9.558072505974690714e-01
5.070620620620620321e+04,9.559475879489117700e-01
5.076616616616616375e+04,9.560873033200640858e-01
5.082612612612612429e+04,9.562264001037330541e-01
5.088608608608608483e+04,9.563648816709776623e-01
5.094604604604604538e+04,9.565027513712655027e-01
5.100600600600600592e+04,9.566400125326308679e-01
5.106596596596596646e+04,9.567766684618312922e-01
5.112592592592592700e+04,9.569127224445010960e-01
5.118588588588588755e+04,9.570481777453058170e-01
5.124584584584584809e+04,9.571830376080944225e-01
5.130580580580580863e+04,9.573173052560498553e-01
5.136576576576576917e+04,9.574509838918395799e-01
5.142572572572572244e+04,9.575840766977629093e-01
5.148568568568568298e+04,9.577165868359006629e-01
5.154564564564564353e+04,9.578485174482588294e-01
5.160560560560560407e+04,9.579798716569160044e-01
5.166556556556556461e+04,9.581106525641651661e-01
5.172552552552552515e+04,9.582408632526586700e-01
5.178548548548548570e+04,9.583705067855475823e-01
5.184544544544544624e+04,9.584995862066243433e-01
5.190540540540540678e+04,9.586281045404601020e-01
5.196536536536536732e+04,9.587560647925449375e-01
5.202532532532532787e+04,9.588834699494230840e-01
5.208528528528528841e+04,9.590103229788308203e-01
5.214524524524524168e+04,9.591366268298299191e-01
5.220520520520520222e+04,9.592623844329427607e-01
5.226516516516516276e+04,9.593875987002842276e-01
5.232512512512512330e+04,9.595122725256938212e-01
5.238508508508508385e+04,9.596364087848666680e-01
5.244504504504504439e+04,9.597600103354828605e-01
5.250500500500500493e+04,9.598830800173365763e-01
5.256496496496496547e+04,9.600056206524625324e-01
5.262492492492492602e+04,9.601276350452644381e-01
5.268488488488488656e+04,9.602491259826390069e-01
5.274484484484484710e+04,9.603700962341014113e-01
5.280480480480480765e+04,9.604905485519086294e-01
5.286476476476476819e+04,9.606104856711824569e-01
5.292472472472472145e+04,9.607299103100308546e-01
5.298468468468468200e+04,9.608488251696687410e-01
5.304464464464464254e+04,9.609672329345378960e-01
5.310460460460460308e+04,9.610851362724256441e-01
5.316456456456456363e+04,9.612025378345828708e-01
5.322452452452452417e+04,9.613194402558411511e-01
5.328448448448448471e+04,9.614358461547283241e-01
5.334444444444444525e+04,9.615517581335842889e-01
5.340440440440440580e+04,9.616671787786746917e-01
5.346436436436436634e+04,9.617821106603041681e-01
5.352432432432432688e+04,9.618965563329300306e-01
5.358428428428428742e+04,9.620105183352718470e-01
5.364424424424424069e+04,9.621239991904235733e-01
5.370420420420420123e+04,9.622370014059632437e-01
5.376416416416416178e+04,9.623495274740614391e-01
5.382412412412412232e+04,9.624615798715893122e-01
5.388408408408408286e+04,9.625731610602271671e-01
5.394404404404404340e+04,9.626842734865690421e-01
5.400400400400400395e+04,9.627949195822294026e-01
5.406396396396396449e+04,9.629051017639478349e-01
5.412392392392392503e+04,9.630148224336927409e-01
5.418388388388388557e+04,9.631240839787649222e-01
5.424384384384384612e+04,9.632328887718991650e-01
5.430380380380380666e+04,9.633412391713668255e-01
5.436376376376376720e+04,9.634491375210756381e-01
5.442372372372372047e+04,9.635565861506699692e-01
5.448368368368368101e+04,9.636635873756306259e-01
5.454364364364364155e+04,9.637701434973725556e-01
5.460360360360360210e+04,9.638762568033428790e-01
5.466356356356356264e+04,9.639819295671175903e-01
5.472352352352352318e+04,9.640871640484979244e-01
5.478348348348348372e+04,9.641919624936056143e-01
5.484344344344344427e+04,9.642963271349777044e-01
5.490340340340340481e+04,9.644002601916606965e-01
5.496336336336336535e+04,9.645037638693031434e-01
5.502332332332332589e+04,9.646068403602490182e-01
5.508328328328328644e+04,9.647094918436287525e-01
5.514324324324323970e+04,9.648117204854508300e-01
5.520320320320320025e+04,9.649135284386918254e-01
5.526316316316316079e+04,9.650149178433865549e-01
5.532312312312312133e+04,9.651158908267162273e-01
5.538308308308308187e+04,9.652164495030979285e-01
5.544304304304304242e+04,9.653165959742715518e-01
5.550300300300300296e+04,9.654163323293868393e-01
5.556296296296296350e+04,9.655156606450894241e-01
5.562292292292292404e+04,9.656145829856075391e-01
5.568288288288288459e+04,9.657131014028356164e-01
5.574284284284284513e+04,9.658112179364194416e-01
5.580280280280280567e+04,9.659089346138398646e-01
5.586276276276276622e+04,9.660062534504957332e-01
5.592272272272271948e+04,9.661031764497859387e-01
5.598268268268268002e+04,9.661997056031919051e-01
5.604264264264264057e+04,9.662958428903583030e-01
5.610260260260260111e+04,9.663915902791737622e-01
5.616256256256256165e+04,9.664869497258504749e-01
5.622252252252252219e+04,9.665819231750042428e-01
5.628248248248248274e+04,9.666765125597324149e-01
5.634244244244244328e+04,9.667707198016927128e-01
5.640240240240240382e+04,9.668645468111805030e-01
5.646236236236236437e+04,9.669579954872052907e-01
5.652232232232232491e+04,9.670510677175678804e-01
5.658228228228228545e+04,9.671437653789356492e-01
5.664224224224223872e+04,9.672360903369181528e-01
5.670220220220219926e+04,9.673280444461413996e-01
5.676216216216215980e+04,9.674196295503217913e-01
5.682212212212212035e+04,9.675108474823406191e-01
5.688208208208208089e+04,9.676017000643156729e-01
5.694204204204204143e+04,9.676921891076749604e-01
5.700200200200200197e+04,9.677823164132275391e-01
5.706196196196196252e+04,9.678720837712356806e-01
5.712192192192192306e+04,9.679614929614852592e-01
5.718188188188188360e+04,9.680505457533556957e-01
5.724184184184184414e+04,9.681392439058905675e-01
5.730180180180180469e+04,9.682275891678659985e-01
5.736176176176176523e+04,9.683155832778598260e-01
5.742172172172171850e+04,9.684032279643198793e-01
5.748168168168167904e+04,9.684905249456312593e-01
5.754164164164163958e+04,9.685774759301835068e-01
5.760160160160160012e+04,9.686640826164379936e-01
5.766156156156156067e+04,9.687503466929926477e-01
5.772152152152152121e+04,9.688362698386497884e-01
5.778148148148148175e+04,9.689218537224788541e-01
5.784144144144144229e+04,9.690071000038834592e-01
5.790140140140140284e+04,9.690920103326633450e-01
5.796136136136136338e+04,9.691765863490802158e-01
5.802132132132132392e+04,9.692608296839192450e-01
5.808128128128128446e+04,9.693447419585534686e-01
5.814124124124123773e+04,9.694283247850047358e-01
5.820120120120119827e+04,9.695115797660063262e-01
5.826116116116115882e+04,9.695945084950643444e-01
5.832112112112111936e+04,9.696771125565181171e-01
5.838108108108107990e+04,9.697593935256018094e-01
5.844104104104104044e+04,9.698413529685029344e-01
5.850100100100100099e+04,9.699229924424235261e-01
5.856096096096096153e+04,9.700043134956384261e-01
5.862092092092092207e+04,9.700853176675536815e-01
5.868088088088088261e+04,9.701660064887660528e-01
5.874084084084084316e+04,9.702463814811199683e-01
5.880080080080080370e+04,9.703264441577647004e-01
5.886076076076076424e+04,9.704061960232126527e-01
5.892072072072071751e+04,9.704856385733947599e-01
5.898068068068067805e+04,9.705647732957172202e-01
5.904064064064063859e+04,9.706436016691170066e-01
5.910060060060059914e+04,9.707221251641177107e-01
5.916056056056055968e+04,9.708003452428837221e-01
5.922052052052052022e+04,9.708782633592756284e-01
5.928048048048048076e+04,9.709558809589037276e-01
5.934044044044044131e+04,9.710331994791825405e-01
5.940040040040040185e+04,9.711102203493827689e-01
5.946036036036036239e+04,9.711869449906860297e-01
5.952032032032032294e+04,9.712633748162364800e-01
5.958028028028028348e+04,9.713395112311927759e-01
5.964024024024023674e+04,9.714153556327803640e-01
5.970020020020019729e+04,9.714909094103433285e-01
5.976016016016015783e+04,9.715661739453945733e-01
5.982012012012011837e+04,9.716411506116668928e-01
5.988008008008007891e+04,9.717158407751634863e-01
5.994004004004003946e+04,9.717902457942079186e-01
6.000000000000000000e+04,9.718643670194933026e-01
